tick,e0,e1,e2,e3,e4,e5,e6,e7,e8,e9,e10,e11,e12,e13,e14,e15
0,1,1,1,1,1,1,1,1,1,1,1,1,1,1,1,1
1,1,1,1,1,1,1,1,1,1,1,1,1,1,1,1,1
2,1,1,1,1,1,1,1,1,1,1,1,1,1,1,1,1
3,2,2,2,2,1,1,1,1,1,1,1,1,1,1,1,1
4,3,3,3,3,2,2,2,2,1,1,1,1,1,1,1,1
5,4,4,4,4,3,3,3,3,1,1,1,1,1,1,1,1
6,5,5,5,5,4,4,4,4,1,1,1,1,1,1,1,1
7,6,6,6,6,5,5,5,5,1,1,2,2,2,1,1,1
8,7,6,7,7,6,6,6,6,1,1,2,3,3,1,1,1
9,8,6,8,7,7,7,7,7,1,2,2,4,4,1,1,1
10,9,6,8,7,8,8,8,8,1,3,3,5,5,1,1,1
11,10,6,8,7,9,9,9,9,1,4,4,5,6,1,1,1
12,11,6,8,7,10,10,10,9,1,5,5,5,7,1,1,1
13,12,6,8,7,10,11,11,9,1,6,6,6,8,1,1,1
14,13,6,8,7,10,12,11,9,1,7,7,7,9,1,1,1
15,14,6,8,7,10,13,11,9,1,8,8,8,10,1,1,1
16,15,6,8,7,10,14,11,9,1,9,9,9,11,1,1,1
17,16,6,8,7,10,15,11,9,1,10,10,10,12,1,2,2
18,16,6,8,7,10,16,11,9,1,10,10,11,13,1,3,3
19,16,6,8,7,10,17,11,9,2,10,10,12,14,2,4,4
20,16,5,8,7,10,17,11,9,3,11,10,13,15,3,5,5
21,16,4,8,7,10,17,11,9,4,12,10,14,16,4,6,6
22,16,3,8,7,10,17,11,9,4,13,10,15,17,5,6,6
23,16,2,8,7,10,17,11,9,4,14,10,16,18,5,6,6
24,16,1,8,7,10,17,11,9,5,15,10,17,19,5,7,7
25,16,1,8,7,10,17,11,9,6,16,10,18,20,6,8,8
26,16,1,8,7,10,17,11,9,7,16,10,19,21,6,8,9
27,16,2,8,7,10,17,11,9,8,16,10,20,22,6,8,10
28,16,2,8,6,10,17,11,9,9,16,10,21,22,7,9,11
29,16,2,7,5,10,17,11,9,10,16,10,22,22,7,10,11
30,16,3,6,4,10,17,11,9,11,16,10,23,23,7,11,11
31,16,4,5,3,10,17,11,9,12,16,10,23,23,8,11,12
32,16,4,4,2,10,17,11,9,12,16,10,23,23,9,11,13
33,16,4,3,1,10,17,11,9,12,16,10,23,23,9,12,13
34,16,5,2,1,10,17,11,9,13,16,10,23,23,9,13,13
35,16,6,1,1,10,17,11,9,14,16,10,23,23,10,14,14
36,16,7,1,2,10,17,11,9,14,16,10,23,23,10,15,14
37,16,8,1,3,10,17,11,9,14,16,10,23,23,10,15,14
38,16,8,2,4,10,17,11,9,15,16,10,23,23,11,15,15
39,16,8,3,5,10,17,11,8,16,16,10,23,23,12,16,16
40,16,9,3,6,9,17,11,7,16,16,10,23,23,13,17,17
41,16,10,3,6,8,17,11,6,16,16,10,23,23,14,18,18
42,16,11,4,6,7,17,11,5,17,16,10,23,23,15,18,18
43,16,12,5,7,6,17,11,4,17,16,10,23,23,16,18,18
44,16,13,6,7,5,17,11,3,17,16,10,23,23,16,19,19
45,16,14,7,7,4,17,11,2,18,16,10,23,23,16,20,19
46,16,14,7,8,3,17,11,1,18,16,10,23,23,17,21,19
47,16,14,7,9,2,17,11,1,18,16,10,23,23,18,22,20
48,16,15,8,9,1,17,11,1,19,16,10,23,23,19,22,20
49,16,16,9,9,1,17,11,2,20,16,10,23,23,20,22,20
50,16,17,10,10,1,17,11,3,21,16,10,23,23,20,23,21
51,16,17,11,11,2,17,11,4,22,16,10,23,23,20,24,22
52,16,17,12,12,3,17,11,4,23,16,9,23,23,19,25,23
53,16,18,13,12,3,17,11,4,23,16,8,23,23,18,25,23
54,16,19,14,12,3,17,11,5,23,16,7,23,23,17,25,23
55,16,19,14,13,4,17,11,5,22,16,6,23,23,16,25,24
56,16,19,14,14,5,17,11,5,21,16,5,23,23,15,25,25
57,16,20,15,14,6,17,11,6,20,16,4,23,23,14,25,25
58,16,21,16,14,7,17,11,7,19,16,3,23,23,13,25,25
59,16,21,17,15,8,17,11,7,18,16,2,23,23,12,25,25
60,16,21,18,16,8,17,11,7,17,16,1,23,23,11,25,25
61,16,20,18,17,8,17,11,8,16,16,1,23,23,10,25,25
62,16,19,18,18,9,17,11,9,15,16,1,23,23,9,25,25
63,16,18,19,19,9,17,11,10,14,16,2,23,23,8,25,25
64,16,17,20,20,9,17,11,10,13,16,2,23,23,7,25,25
65,16,16,21,20,10,17,11,10,12,16,2,23,23,6,25,25
66,16,15,22,20,10,17,11,11,11,16,3,23,23,5,25,25
67,16,14,22,21,10,17,11,11,10,16,4,23,23,4,25,25
68,16,13,22,22,11,17,11,11,9,16,5,23,23,3,25,25
69,16,12,23,22,12,17,11,12,8,16,6,23,23,2,25,25
70,16,11,23,22,13,17,11,13,7,16,7,23,23,1,25,25
71,16,10,23,23,14,17,11,14,6,16,8,23,23,1,25,25
72,16,9,22,24,15,17,11,15,5,16,9,23,23,1,25,25
73,16,8,21,24,15,17,11,16,4,16,10,23,23,2,25,25
74,16,7,20,24,15,17,11,16,3,16,10,23,23,3,25,25
75,16,6,19,23,16,17,11,16,2,16,10,23,23,3,25,25
76,16,5,18,22,17,17,11,17,1,16,11,23,23,3,25,25
77,16,4,17,21,18,17,11,18,1,16,11,23,23,4,25,25
78,16,3,16,20,19,17,11,19,1,16,11,23,23,5,25,25
79,16,2,15,19,19,17,11,20,2,16,12,23,23,5,25,25
80,16,1,14,18,19,17,11,21,3,16,13,23,23,5,25,25
81,16,1,13,17,20,17,11,22,3,16,14,23,23,6,25,25
82,16,1,12,16,20,17,11,22,3,16,15,23,23,7,25,25
83,16,2,11,15,20,17,11,22,4,16,16,23,23,7,25,25
84,16,3,10,14,21,17,10,23,5,16,16,23,23,7,25,25
85,16,3,9,13,22,17,9,23,6,16,16,23,23,8,25,25
86,16,3,8,12,23,17,8,23,7,16,17,23,23,9,25,25
87,16,4,7,11,23,17,7,24,7,16,18,23,23,9,25,25
88,16,5,6,10,23,17,6,25,7,16,18,23,23,9,25,25
89,16,6,5,9,22,17,5,25,8,16,18,23,23,10,25,25
90,16,6,4,8,21,17,4,25,9,16,19,23,23,11,25,25
91,16,6,3,7,20,17,3,24,10,16,20,23,23,12,25,25
92,16,7,2,6,19,17,2,23,11,16,21,23,23,12,25,25
93,16,7,1,5,18,17,1,22,11,16,22,23,23,12,25,25
94,16,7,1,4,17,17,1,21,11,16,23,23,23,13,25,25
95,16,8,1,3,16,17,1,20,12,16,24,23,23,14,25,25
96,16,8,2,2,15,17,2,19,13,16,24,23,23,15,25,25
97,16,8,3,1,14,17,3,18,14,16,24,23,23,15,25,25
98,16,9,4,1,13,17,4,17,15,16,23,23,23,15,25,25
99,16,10,5,1,12,17,5,16,15,16,22,23,23,16,25,25
100,16,10,6,2,11,17,6,15,15,16,21,23,23,17,25,25
101,16,10,7,3,10,17,7,14,16,16,20,23,23,17,25,25
102,16,11,7,3,9,17,7,13,17,16,19,23,23,17,25,25
103,16,11,7,3,8,17,7,12,18,16,18,23,23,18,25,25
104,16,11,8,4,7,17,8,11,19,16,17,23,23,18,25,25
105,16,12,8,4,6,17,9,10,20,16,16,23,23,18,25,25
106,16,12,8,4,5,17,10,9,20,16,15,23,23,19,25,25
107,16,12,9,5,4,17,11,8,20,16,14,23,23,20,25,25
108,16,13,10,5,3,17,12,7,21,16,13,23,23,21,25,25
109,16,14,10,5,2,17,12,6,21,16,12,23,23,21,25,25
110,16,15,10,6,1,17,12,5,21,16,11,23,23,21,25,25
111,16,16,11,6,1,17,13,4,22,16,10,23,23,22,25,25
112,16,17,11,6,1,17,14,3,22,16,9,23,23,23,25,25
113,16,17,11,7,2,17,15,2,22,16,8,23,23,23,25,25
114,16,17,12,8,3,17,15,1,23,16,7,23,23,23,25,25
115,16,18,12,9,4,17,15,1,23,16,6,23,23,22,25,25
116,16,18,12,9,4,17,16,1,23,16,5,23,23,21,25,25
117,16,18,13,9,4,17,17,2,22,16,4,23,23,20,25,25
118,16,19,13,10,5,17,17,2,21,16,3,23,23,19,25,25
119,16,20,13,11,5,17,17,2,20,16,2,23,23,18,25,25
120,16,20,14,12,5,17,18,3,19,16,1,23,23,17,25,25
121,16,20,15,12,6,17,19,3,18,16,1,23,23,16,25,25
122,16,19,16,12,6,17,20,3,17,16,1,23,23,15,25,25
123,16,18,17,13,6,17,20,4,16,16,2,23,23,14,25,25
124,15,17,18,14,7,17,20,5,15,15,3,23,23,13,25,25
125,14,16,18,15,8,17,21,6,14,14,4,23,23,12,25,25
126,13,15,18,15,9,17,22,7,13,13,4,23,23,11,25,25
127,12,14,19,15,10,17,23,8,12,12,4,23,23,10,25,25
128,11,13,20,16,11,17,23,9,11,11,5,23,23,9,25,25
129,10,12,21,17,12,17,23,9,10,10,6,23,23,8,25,25
130,9,11,22,18,12,17,24,9,9,9,7,23,23,7,25,25
131,8,10,23,19,12,17,24,10,8,8,7,23,23,6,25,25
132,7,9,23,20,13,17,24,10,7,7,7,23,23,5,25,25
133,6,8,23,21,13,17,23,10,6,6,8,23,23,4,25,25
134,5,7,22,22,13,17,22,11,5,5,9,23,23,3,25,25
135,4,6,21,22,14,17,21,12,4,4,10,23,23,2,25,25
136,3,5,20,22,15,17,20,13,3,3,11,23,23,1,25,25
137,2,4,19,23,16,17,19,14,2,2,12,23,23,1,25,25
138,1,3,18,23,17,17,18,15,1,1,12,23,23,1,25,25
139,1,2,17,23,18,17,17,16,1,1,12,23,23,2,25,25
140,1,1,16,22,19,17,16,17,1,1,13,23,23,2,25,25
141,2,1,15,21,19,17,15,18,2,2,14,23,23,2,25,25
142,2,1,14,20,19,17,14,19,3,2,15,23,23,3,25,25
143,2,2,13,19,20,17,13,19,4,2,15,23,23,4,25,25
144,3,3,12,18,20,17,12,19,5,3,15,23,23,5,25,25
145,4,4,11,17,20,17,11,20,5,4,16,23,23,6,25,25
146,4,5,10,16,21,17,10,20,5,4,16,23,23,6,25,25
147,4,5,9,15,22,17,9,20,6,4,16,23,23,6,25,25
148,5,5,8,14,23,17,8,21,7,5,17,23,23,7,25,25
149,5,6,7,13,24,17,7,22,8,5,18,23,23,7,25,25
150,5,7,6,12,25,17,6,23,9,5,19,23,23,7,25,25
151,6,7,5,11,25,17,5,23,10,6,20,23,23,8,25,25
152,7,7,4,10,25,17,4,23,11,6,20,23,23,9,25,25
153,8,8,3,9,24,17,3,24,11,6,20,23,23,10,25,25
154,8,8,2,8,23,17,2,24,11,7,21,23,23,11,25,25
155,8,8,1,7,22,17,1,24,12,8,22,23,23,12,25,25
156,9,9,1,6,21,17,1,23,13,9,23,23,23,13,25,25
157,9,10,1,5,20,17,1,22,13,10,24,23,23,14,25,25
158,9,11,2,4,19,17,2,21,13,11,25,23,23,15,25,25
159,10,12,3,3,18,17,2,20,14,11,25,23,23,16,25,25
160,11,12,4,2,17,17,2,19,15,11,25,23,23,17,25,25
161,12,12,5,1,16,17,3,18,15,12,24,23,23,18,25,25
162,13,13,6,1,15,17,4,17,15,13,23,23,23,18,25,25
163,14,14,6,1,14,17,5,16,16,13,22,23,23,18,25,25
164,15,15,6,2,13,17,6,15,16,13,21,23,23,19,25,25
165,16,16,7,3,12,16,7,14,16,14,20,23,23,19,25,25
166,16,17,7,4,11,15,7,13,17,14,19,23,23,19,25,25
167,16,18,7,5,10,14,7,12,17,14,18,23,23,20,25,25
168,17,19,8,6,9,13,8,11,17,15,17,23,23,20,25,25
169,17,19,8,7,8,12,9,10,18,16,16,23,23,20,25,25
170,17,19,8,8,7,11,10,9,19,17,15,23,23,21,25,25
171,16,20,9,9,6,10,11,8,19,17,14,23,23,22,25,25
172,15,20,10,10,5,9,12,7,19,17,13,23,23,22,25,25
173,14,20,11,10,4,8,13,6,20,18,12,23,23,22,25,25
174,13,21,12,10,3,7,13,5,21,18,11,23,23,23,25,25
175,12,21,12,11,2,6,13,4,21,18,10,23,23,24,25,25
176,11,21,12,12,1,5,14,3,21,17,9,23,23,24,25,25
177,10,22,13,12,1,4,15,2,22,16,8,23,23,24,25,25
178,9,22,14,12,1,3,16,1,23,15,7,23,23,25,25,25
179,8,22,14,13,2,2,17,1,24,14,6,23,23,25,25,25
180,7,21,14,13,3,1,17,1,24,13,5,23,23,25,25,25
181,6,20,15,13,3,1,17,2,24,12,4,23,23,24,25,25
182,5,19,16,14,3,1,18,3,23,11,3,23,23,23,25,25
183,4,18,17,14,4,2,19,4,22,10,2,23,23,22,25,25
184,3,17,18,14,4,2,19,5,21,9,1,23,23,21,25,25
185,2,16,19,15,4,2,19,6,20,8,1,23,23,20,25,25
186,1,15,19,16,5,3,20,7,19,7,1,23,23,19,25,25
187,1,14,19,17,6,4,21,8,18,6,2,23,23,18,25,25
188,1,13,20,17,7,5,21,9,17,5,2,23,23,17,25,25
189,2,12,21,17,7,5,21,10,16,4,2,23,23,16,25,25
190,3,11,21,18,7,5,22,10,15,3,3,23,23,15,25,25
191,3,10,21,19,8,6,23,10,14,2,3,23,23,14,25,25
192,3,9,22,19,9,7,24,11,13,1,3,23,23,13,25,25
193,4,8,22,19,9,7,25,11,12,1,4,23,23,12,25,25
194,5,7,22,20,9,7,25,11,11,1,5,23,23,11,25,25
195,5,6,23,20,10,8,25,12,10,2,6,23,23,10,25,25
196,5,5,24,20,11,9,24,13,9,3,7,23,23,9,25,25
197,6,4,25,19,11,10,23,13,8,4,8,23,23,8,25,25
198,7,3,25,18,11,11,22,13,7,5,8,23,23,7,25,25
199,8,2,25,17,12,11,21,14,6,5,8,23,23,6,25,25
200,8,1,24,16,12,11,20,15,5,5,9,23,23,5,25,25
201,8,1,23,15,12,12,19,16,4,6,9,23,23,4,25,25
202,9,1,22,14,13,12,18,17,3,7,9,23,23,3,25,25
203,9,2,21,13,13,12,17,17,2,7,10,23,23,2,25,25
204,9,3,20,12,13,13,16,17,1,7,11,23,23,1,25,25
205,10,3,19,11,14,14,15,18,1,8,12,23,23,1,25,25
206,11,3,18,10,15,15,14,18,1,9,12,23,23,1,25,25
207,12,4,17,9,16,16,13,18,2,10,12,23,23,2,25,25
208,13,4,16,8,17,17,12,19,3,11,13,23,23,2,25,25
209,13,4,15,7,18,18,11,20,4,12,13,23,23,2,25,25
210,13,5,14,6,19,18,10,21,5,12,13,23,23,3,25,25
211,14,6,13,5,20,18,9,21,6,12,14,23,23,3,25,25
212,15,7,12,4,21,19,8,21,7,13,15,23,23,3,25,25
213,15,7,11,3,21,20,7,20,8,14,16,23,23,4,25,25
214,15,7,10,2,21,21,6,19,8,14,16,23,23,5,25,25
215,16,8,9,1,22,21,5,18,8,14,16,23,23,6,25,25
216,17,8,8,1,23,21,4,17,9,15,17,23,23,6,25,25
217,18,8,7,1,24,22,3,16,10,16,18,23,23,6,25,25
218,19,9,6,2,25,23,2,15,11,17,19,23,23,7,25,25
219,20,10,5,2,25,23,1,14,12,17,19,23,23,8,25,25
220,20,11,4,2,25,23,1,13,13,17,19,23,23,9,25,25
221,20,11,3,3,24,22,1,12,14,18,20,23,23,9,25,25
222,21,11,2,4,23,21,2,11,14,19,21,23,23,9,25,25
223,22,12,1,5,22,20,3,10,14,20,22,23,23,10,25,25
224,23,12,1,5,21,19,4,9,15,21,23,23,23,11,25,25
225,23,12,1,5,20,18,4,8,15,21,23,23,23,12,25,25
226,23,13,2,6,19,17,4,7,15,21,23,23,23,13,25,25
227,24,14,2,7,18,16,5,6,16,22,22,23,23,14,25,25
228,24,15,2,7,17,15,6,5,17,22,21,23,23,15,25,25
229,24,15,3,7,16,14,6,4,18,22,20,23,23,15,25,25
230,23,15,4,8,15,13,6,3,18,21,19,23,23,15,25,25
231,22,16,4,8,14,12,7,2,18,20,18,23,23,16,25,25
232,21,16,4,8,13,11,8,1,19,19,17,23,23,17,25,25
233,20,16,5,9,12,10,9,1,19,18,16,23,23,18,25,25
234,19,17,5,10,11,9,10,1,19,17,15,23,23,19,25,25
235,18,18,5,10,10,8,10,2,20,16,14,23,23,20,25,25
236,17,19,6,10,9,7,10,3,21,15,13,23,23,20,25,25
237,16,19,7,11,8,6,11,3,21,14,12,23,23,20,25,25
238,15,19,8,12,7,5,12,3,21,13,11,23,23,21,25,25
239,14,20,8,13,6,4,12,4,22,12,10,23,23,21,25,25
240,13,21,8,14,5,3,12,4,22,11,9,23,23,21,25,25
241,12,22,9,15,4,2,13,4,22,10,8,23,23,20,25,25
242,11,23,10,16,3,1,14,5,23,9,7,23,23,19,25,25
243,10,24,11,17,2,1,15,6,24,8,6,23,23,18,25,25
244,9,25,12,17,1,1,15,7,25,7,5,23,23,17,25,25
245,8,25,13,17,1,2,15,8,25,6,4,23,23,16,25,25
246,7,25,14,18,1,2,16,9,25,5,3,23,23,15,25,25
247,6,24,14,19,2,2,17,10,24,4,2,23,23,14,25,25
248,5,23,14,19,3,3,17,11,23,3,1,23,23,13,25,25
249,4,22,15,19,4,4,17,12,22,2,1,23,23,12,25,25
250,3,21,16,20,5,5,18,13,21,1,1,23,23,11,25,25
251,2,20,17,21,6,5,19,13,20,1,2,23,23,10,25,25
252,1,19,17,22,7,5,20,13,19,1,3,23,23,9,25,25
253,1,18,17,23,7,6,20,14,18,2,3,23,23,8,25,25
254,1,17,18,24,7,6,20,15,17,3,3,23,23,7,25,25
255,2,16,19,24,8,6,21,16,16,4,4,23,23,6,25,25
256,2,15,19,24,9,7,22,16,15,5,4,23,23,5,25,25
257,2,14,19,23,9,8,22,16,14,5,4,23,23,4,25,25
258,3,13,20,22,9,9,22,17,13,5,5,23,23,3,25,25
259,4,12,20,21,10,9,21,17,12,6,6,23,23,2,25,25
260,4,11,20,20,10,9,20,17,11,6,7,23,23,1,25,25
261,4,10,21,19,10,10,19,18,10,6,7,23,23,1,25,25
262,5,9,22,18,11,11,18,19,9,7,7,23,23,1,25,25
263,6,8,23,17,12,11,17,20,8,8,8,23,23,2,25,25
264,7,7,23,16,13,11,16,20,7,9,9,23,23,3,25,25
265,7,6,23,15,14,12,15,20,6,10,10,23,23,4,25,25
266,7,5,22,14,14,13,14,21,5,11,11,23,23,5,25,25
267,8,4,21,13,14,14,13,21,4,12,12,23,23,6,25,25
268,9,3,20,12,15,15,12,21,3,13,12,23,23,7,25,25
269,10,2,19,11,16,16,11,22,2,13,12,23,23,8,25,25
270,11,1,18,10,17,16,10,23,1,13,13,23,23,9,25,25
271,12,1,17,9,17,16,9,24,1,14,14,23,23,10,25,25
272,12,1,16,8,17,17,8,24,1,14,14,23,23,11,25,25
273,12,2,15,7,18,18,7,24,2,14,14,23,23,12,25,25
274,13,2,14,6,19,19,6,25,3,15,15,23,23,13,25,25
275,14,2,13,5,20,20,5,25,4,16,15,23,23,13,25,25
276,15,3,12,4,20,21,4,25,4,17,15,23,23,13,25,25
277,15,4,11,3,20,21,3,24,4,18,16,23,23,14,25,25
278,15,5,10,2,21,21,2,23,5,19,17,23,23,15,25,25
279,16,5,9,1,22,22,1,22,5,19,18,23,23,15,25,25
280,17,5,8,1,22,23,1,21,5,19,18,23,23,15,25,25
281,18,6,7,1,22,24,1,20,6,20,18,23,23,16,25,25
282,19,7,6,2,21,24,2,19,7,21,19,23,23,16,25,25
283,20,8,5,3,20,24,3,18,8,22,20,23,23,16,25,25
284,21,9,4,3,19,25,3,17,8,22,21,23,23,17,25,25
285,21,9,3,3,18,25,3,16,8,22,22,23,23,17,25,25
286,21,9,2,4,17,25,4,15,9,23,22,23,23,17,25,25
287,22,10,1,5,16,24,5,14,10,24,22,23,23,18,25,25
288,22,11,1,6,15,23,5,13,10,25,23,23,23,19,25,25
289,22,12,1,7,14,22,5,12,10,25,24,23,23,20,25,25
290,23,13,2,7,13,21,6,11,11,25,25,23,23,21,25,25
291,24,14,3,7,12,20,7,10,12,24,25,23,23,21,25,25
292,24,15,4,8,11,19,8,9,13,23,25,23,23,21,25,25
293,24,16,5,8,10,18,8,8,13,22,24,23,23,22,25,25
294,25,16,6,8,9,17,8,7,13,21,23,23,23,23,25,25
295,25,16,7,9,8,16,9,6,14,20,22,23,23,23,25,25
296,25,17,8,10,7,15,10,5,14,19,21,23,23,23,25,25
297,24,18,8,11,6,14,11,4,14,18,20,23,23,24,25,25
298,23,18,8,12,5,13,12,3,15,17,19,23,23,24,25,25
299,22,18,9,12,4,12,12,2,16,16,18,23,23,24,25,25
300,21,19,9,12,3,11,12,1,17,15,17,23,23,25,25,25
301,20,19,9,13,2,10,13,1,18,14,16,23,23,25,25,25
302,19,19,10,14,1,9,14,1,18,13,15,23,23,25,25,25
303,18,20,11,14,1,8,15,2,18,12,14,23,23,24,25,25
304,17,21,11,14,1,7,15,3,17,11,13,23,23,23,25,25
305,16,21,11,15,2,6,15,4,16,10,12,23,23,22,25,25
306,15,21,12,16,2,5,16,4,15,9,11,23,23,21,25,25
307,14,22,13,17,2,4,16,4,14,8,10,23,23,20,25,25
308,13,22,13,18,3,3,16,5,13,7,9,23,23,19,25,25
309,12,22,13,18,3,2,17,5,12,6,8,23,23,18,25,25
310,11,23,14,18,3,1,17,5,11,5,7,23,23,17,25,25
311,10,24,15,19,4,1,17,6,10,4,6,23,23,16,25,25
312,9,24,15,20,5,1,18,6,9,3,5,23,23,15,25,25
313,8,24,15,21,6,2,19,6,8,2,4,23,23,14,25,25
314,7,23,16,22,7,2,20,7,7,1,3,23,23,13,25,25
315,6,22,16,23,8,2,20,8,6,1,2,23,23,12,25,25
316,5,21,16,24,9,3,20,8,5,1,1,23,23,11,25,25
317,4,20,17,24,10,4,21,8,4,2,1,23,23,10,25,25
318,3,19,18,24,10,5,21,9,3,3,1,23,23,9,25,25
319,2,18,19,23,10,5,21,10,2,3,2,23,23,8,25,25
320,1,17,20,22,11,5,20,10,1,3,3,23,23,7,25,25
321,1,16,21,21,12,6,19,10,1,4,4,23,23,6,25,25
322,1,15,22,20,12,7,18,11,1,5,5,23,23,5,25,25
323,2,14,23,19,12,8,17,12,2,5,6,23,23,4,25,25
324,2,13,24,18,13,9,16,13,3,5,6,23,23,3,25,25
325,2,12,24,17,13,10,15,14,3,6,6,23,23,2,25,25
326,3,11,24,16,13,10,14,15,3,6,7,23,23,1,25,25
327,3,10,23,15,14,10,13,16,4,6,7,23,23,1,25,25
328,3,9,22,14,15,11,12,17,5,7,7,23,23,1,25,25
329,4,8,21,13,16,12,11,17,6,8,8,23,23,2,25,25
330,5,7,20,12,17,12,10,17,6,9,8,23,23,2,25,25
331,6,6,19,11,18,12,9,18,6,10,8,23,23,2,25,25
332,7,5,18,10,18,13,8,18,7,11,9,23,23,3,25,25
333,7,4,17,9,18,13,7,18,7,12,10,23,23,3,25,25
334,7,3,16,8,19,13,6,17,7,13,10,23,23,3,25,25
335,8,2,15,7,20,14,5,16,8,13,10,23,23,4,25,25
336,8,1,14,6,21,14,4,15,9,13,11,23,23,5,25,25
337,8,1,13,5,22,14,3,14,9,14,12,23,23,6,25,25
338,9,1,12,4,23,15,2,13,9,15,12,23,23,7,25,25
339,10,2,11,3,24,16,1,12,10,15,12,23,23,7,25,25
340,10,3,10,2,24,17,1,11,11,15,13,23,23,7,25,25
341,10,4,9,1,24,18,1,10,11,16,14,23,23,8,25,25
342,11,5,8,1,25,19,2,9,11,17,14,23,23,9,25,25
343,12,5,7,1,25,19,3,8,12,17,14,23,23,9,25,25
344,12,5,6,2,25,19,3,7,13,17,15,23,23,9,25,25
345,12,6,5,2,24,20,3,6,13,18,16,23,23,10,25,25
346,13,6,4,2,23,21,4,5,13,18,17,23,23,11,25,25
347,14,6,3,3,22,22,5,4,14,18,18,23,23,12,25,25
348,15,7,2,4,21,23,6,3,14,19,18,23,23,12,25,25
349,15,7,1,5,20,23,7,2,14,20,18,23,23,12,25,25
350,15,7,1,6,19,23,8,1,15,21,19,23,23,13,25,25
351,16,8,1,7,18,24,9,1,15,22,20,23,23,14,25,25
352,16,9,2,7,17,25,10,1,15,23,21,23,23,15,25,25
353,16,10,2,7,16,25,10,2,16,23,22,23,23,15,25,25
354,15,11,2,8,15,25,10,3,17,23,23,23,23,15,25,25
355,14,11,3,8,14,24,11,4,18,24,24,23,23,16,25,25
356,13,11,4,8,13,23,12,4,19,25,24,23,23,17,25,25
357,12,12,5,9,12,22,12,4,20,25,24,23,23,18,25,25
358,11,12,6,10,11,21,12,5,21,25,25,23,23,19,25,25
359,10,12,7,10,10,20,13,6,22,24,25,23,23,19,25,25
360,9,13,8,10,9,19,14,6,22,23,25,23,23,19,25,25
361,8,14,8,11,8,18,14,6,22,22,24,23,23,20,25,25
362,7,15,8,11,7,17,14,7,23,21,23,23,23,21,25,25
363,6,15,9,11,6,16,15,7,24,20,22,23,23,22,25,25
364,5,15,10,12,5,15,16,7,24,19,21,23,23,22,25,25
365,4,16,11,12,4,14,17,8,24,18,20,23,23,22,25,25
366,3,17,12,12,3,13,18,9,23,17,19,23,23,23,25,25
367,2,18,12,13,2,12,19,9,22,16,18,23,23,23,25,25
368,1,19,12,13,1,11,19,9,21,15,17,23,23,23,25,25
369,1,19,13,13,1,10,19,10,20,14,16,23,23,24,25,25
370,1,19,14,14,1,9,20,11,19,13,15,23,23,25,25,25
371,2,20,15,14,2,8,20,12,18,12,14,23,23,25,25,25
372,2,20,16,14,3,7,20,13,17,11,13,23,23,25,25,25
373,2,20,16,15,4,6,21,14,16,10,12,23,23,24,25,25
374,3,21,16,16,4,5,22,15,15,9,11,23,23,23,25,25
375,3,22,17,16,4,4,22,16,14,8,10,23,23,22,25,25
376,3,22,17,16,5,3,22,17,13,7,9,23,23,21,25,25
377,4,22,17,17,5,2,23,18,12,6,8,23,23,20,25,25
378,5,21,18,18,5,1,23,19,11,5,7,23,23,19,25,25
379,5,20,18,19,6,1,23,19,10,4,6,23,23,18,25,25
380,5,19,18,20,6,1,24,19,9,3,5,23,23,17,25,25
381,6,18,19,21,6,2,25,20,8,2,4,23,23,16,25,25
382,7,17,20,22,7,3,25,21,7,1,3,23,23,15,25,25
383,7,16,21,22,8,3,25,21,6,1,2,23,23,14,25,25
384,7,15,21,22,9,3,24,21,5,1,1,23,23,13,25,25
385,8,14,21,21,10,4,23,22,4,2,1,23,23,12,25,25
386,9,13,22,20,11,4,22,22,3,2,1,23,23,11,25,25
387,10,12,23,19,12,4,21,22,2,2,2,23,23,10,25,25
388,11,11,24,18,12,5,20,23,1,3,3,23,23,9,25,25
389,12,10,25,17,12,5,19,23,1,4,3,23,23,8,25,25
390,12,9,25,16,13,5,18,23,1,4,3,23,23,7,25,25
391,12,8,25,15,13,6,17,22,2,4,4,23,23,6,25,25
392,13,7,24,14,13,7,16,21,3,5,5,23,23,5,25,25
393,13,6,23,13,14,8,15,20,4,6,5,23,23,4,25,25
394,13,5,22,12,15,9,14,19,5,7,5,23,23,3,25,25
395,14,4,21,11,15,9,13,18,6,8,6,23,23,2,25,25
396,15,3,20,10,15,9,12,17,6,9,6,23,23,1,25,25
397,16,2,19,9,16,10,11,16,6,10,6,23,23,1,25,25
398,16,1,18,8,17,10,10,15,7,11,7,23,23,1,25,25
399,16,1,17,7,17,10,9,14,7,11,8,23,23,2,25,25
400,15,1,16,6,17,11,8,13,7,11,8,23,23,2,25,25
401,14,2,15,5,18,11,7,12,8,12,8,23,23,2,25,25
402,13,3,14,4,19,11,6,11,8,13,9,23,23,3,25,25
403,12,3,13,3,20,12,5,10,8,14,9,23,23,4,25,25
404,11,3,12,2,21,13,4,9,9,15,9,23,23,4,25,25
405,10,4,11,1,22,14,3,8,10,16,10,23,23,4,25,25
406,9,4,10,1,22,14,2,7,11,16,10,23,23,5,25,25
407,8,4,9,1,22,14,1,6,11,16,10,23,23,5,25,25
408,7,5,8,2,21,15,1,5,11,17,11,23,23,5,25,25
409,6,5,7,3,20,16,1,4,12,17,12,23,23,6,25,25
410,5,5,6,4,19,17,2,3,12,17,13,23,23,6,25,25
411,4,6,5,5,18,18,3,2,12,18,14,23,23,6,25,25
412,3,6,4,6,17,18,4,1,13,19,14,23,23,7,25,25
413,2,6,3,6,16,18,4,1,14,20,14,23,23,7,25,25
414,1,7,2,6,15,19,4,1,15,20,15,23,23,7,25,25
415,1,8,1,7,14,20,5,2,15,20,16,23,23,8,25,25
416,1,8,1,8,13,21,6,3,15,21,17,23,23,9,25,25
417,2,8,1,8,12,22,6,4,16,21,18,23,23,10,25,25
418,3,9,2,8,11,23,6,4,17,21,19,23,23,10,25,25
419,3,10,3,9,10,24,7,4,17,22,20,23,23,10,25,25
420,3,11,3,9,9,24,7,5,17,23,21,23,23,11,25,25
421,4,12,3,9,8,24,7,6,18,24,22,23,23,12,25,25
422,4,13,4,10,7,23,8,7,19,25,23,23,23,12,25,25
423,4,14,5,11,6,22,9,8,20,25,24,23,23,12,25,25
424,5,15,6,11,5,21,10,9,21,25,24,23,23,13,25,25
425,6,15,7,11,4,20,10,9,21,24,24,23,23,14,25,25
426,6,15,8,12,3,19,10,9,21,23,23,23,23,15,25,25
427,6,16,8,13,2,18,11,10,22,22,22,23,23,16,25,25
428,7,16,8,14,1,17,12,10,23,21,21,23,23,17,25,25
429,7,16,9,14,1,16,13,10,24,20,20,23,23,18,25,25
430,7,17,10,14,1,15,14,11,25,19,19,23,23,18,25,25
431,8,18,10,15,2,14,14,12,25,18,18,23,23,18,25,25
432,9,19,10,15,3,13,14,12,25,17,17,23,23,19,25,25
433,10,20,11,15,3,12,15,12,24,16,16,23,23,19,25,25
434,11,21,11,16,3,11,15,13,23,15,15,23,23,19,25,25
435,12,22,11,17,4,10,15,14,22,14,14,23,23,20,25,25
436,12,23,12,18,5,9,16,15,21,13,13,23,23,21,25,25
437,12,24,13,19,5,8,17,16,20,12,12,23,23,22,25,25
438,13,24,13,20,5,7,18,17,19,11,11,23,23,22,25,25
439,13,24,13,21,6,6,19,17,18,10,10,23,23,22,25,25
440,13,23,14,21,7,5,19,17,17,9,9,23,23,21,25,25
441,14,22,14,21,7,4,19,18,16,8,8,23,23,20,25,25
442,15,21,14,22,7,3,20,19,15,7,7,23,23,19,25,25
443,16,20,15,22,8,2,21,20,14,6,6,23,23,18,25,25
444,17,19,16,22,8,1,21,20,13,5,5,23,23,17,25,25
445,18,18,16,21,8,1,21,20,12,4,4,23,23,16,25,25
446,18,17,16,20,9,1,22,21,11,3,3,23,23,15,25,25
447,18,16,17,19,10,2,23,22,10,2,2,23,23,14,25,25
448,19,15,17,18,10,3,24,22,9,1,1,23,23,13,25,25
449,20,14,17,17,10,4,24,22,8,1,1,23,23,12,25,25
450,20,13,16,16,11,4,24,23,7,1,1,23,23,11,25,25
451,20,12,15,15,12,4,23,23,6,2,2,23,23,10,25,25
452,21,11,14,14,12,5,22,23,5,3,3,23,23,9,25,25
453,22,10,13,13,12,5,21,24,4,3,4,23,23,8,25,25
454,22,9,12,12,13,5,20,24,3,3,4,23,23,7,25,25
455,22,8,11,11,14,6,19,24,2,4,4,23,23,6,25,25
456,21,7,10,10,15,7,18,25,1,5,5,23,23,5,25,25
457,20,6,9,9,15,8,17,25,1,5,6,23,23,4,25,25
458,19,5,8,8,15,8,16,25,1,5,7,23,23,3,25,25
459,18,4,7,7,16,8,15,24,2,6,8,23,23,2,25,25
460,17,3,6,6,17,9,14,23,3,7,9,23,23,1,25,25
461,16,2,5,5,17,10,13,22,4,8,9,23,23,1,25,25
462,15,1,4,4,17,10,12,21,5,9,9,23,23,1,25,25
463,14,1,3,3,18,10,11,20,5,10,10,23,23,2,25,25
464,13,1,2,2,19,11,10,19,5,10,11,23,23,3,25,25
465,12,2,1,1,20,12,9,18,6,10,12,23,23,4,25,25
466,11,3,1,1,21,13,8,17,7,11,13,23,23,5,25,25
467,10,4,1,1,22,13,7,16,8,12,13,23,23,5,25,25
468,9,4,2,2,23,13,6,15,9,12,13,23,23,5,25,25
469,8,4,3,3,24,14,5,14,9,12,14,23,23,6,25,25
470,7,5,3,4,24,15,4,13,9,13,14,23,23,6,25,25
471,6,6,3,5,24,16,3,12,10,14,14,23,23,6,25,25
472,5,7,4,6,23,17,2,11,11,15,15,23,23,7,25,25
473,4,8,4,7,22,18,1,10,12,15,16,23,23,7,25,25
474,3,8,4,7,21,18,1,9,12,15,17,23,23,7,25,25
475,2,8,5,7,20,18,1,8,12,16,18,23,23,8,25,25
476,1,9,6,8,19,19,2,7,13,17,19,23,23,9,25,25
477,1,9,6,9,18,20,2,6,14,17,19,23,23,9,25,25
478,1,9,6,10,17,21,2,5,14,17,19,23,23,9,25,25
479,2,10,7,11,16,21,3,4,14,18,20,23,23,10,25,25
480,2,11,8,11,15,21,4,3,15,18,21,23,23,10,25,25
481,2,12,9,11,14,22,5,2,15,18,22,23,23,10,25,25
482,3,12,9,12,13,23,6,1,15,19,23,23,23,11,25,25
483,3,12,9,12,12,24,7,1,16,20,23,23,23,12,25,25
484,3,13,10,12,11,24,7,1,17,21,23,23,23,13,25,25
485,4,13,10,13,10,24,7,2,18,22,24,23,23,14,25,25
486,4,13,10,13,9,25,8,3,19,23,24,22,22,15,25,25
487,4,14,11,13,8,25,9,3,19,24,24,21,21,16,25,25
488,5,15,12,14,7,25,10,3,19,24,23,20,20,16,25,25
489,6,15,13,15,6,24,11,4,20,24,22,19,19,16,25,25
490,7,15,14,15,5,23,12,4,21,23,21,18,18,17,25,25
491,8,16,15,15,4,22,12,4,21,22,20,17,17,17,25,25
492,8,17,16,16,3,21,12,5,21,21,19,16,16,17,25,25
493,8,18,16,17,2,20,13,6,22,20,18,15,15,18,25,25
494,9,18,16,17,1,19,14,6,23,19,17,14,14,18,25,25
495,10,18,17,17,1,18,14,6,23,18,16,13,13,18,25,25
496,11,19,18,18,1,17,14,7,23,17,15,12,12,19,25,25
497,11,19,19,19,2,16,15,8,24,16,14,11,11,19,25,25
498,11,19,20,20,3,15,16,9,25,15,13,10,10,19,25,25
499,12,20,21,20,4,14,16,10,25,14,12,9,9,18,25,25
500,12,21,21,20,5,13,16,10,25,13,11,8,8,17,25,25
501,12,22,21,21,6,12,17,10,24,12,10,7,7,16,25,25
502,13,23,22,22,7,11,17,11,23,11,9,6,6,15,25,25
503,14,23,23,22,8,10,17,12,22,10,8,5,5,14,25,25
504,15,23,24,22,9,9,18,13,21,9,7,4,4,13,25,25
505,16,22,24,23,9,8,18,14,20,8,6,3,3,12,25,25
506,17,21,24,24,9,7,18,15,19,7,5,2,2,11,25,25
507,18,20,23,24,10,6,19,16,18,6,4,1,1,10,25,25
508,18,19,22,24,11,5,20,16,17,5,3,1,1,9,25,25
509,18,18,21,23,11,4,20,16,16,4,2,1,1,8,25,25
510,19,17,20,22,11,3,20,17,15,3,1,2,2,7,25,25
511,20,16,19,21,12,2,21,17,14,2,1,3,3,6,25,25
512,20,15,18,20,12,1,22,17,13,1,1,4,3,5,25,25
513,20,14,17,19,12,1,23,18,12,1,2,5,3,4,25,25
514,21,13,16,18,13,1,23,19,11,1,3,6,4,3,25,25
515,22,12,15,17,14,2,23,19,10,2,4,7,5,2,25,25
516,23,11,14,16,15,3,22,19,9,3,5,7,6,1,25,25
517,24,10,13,15,15,4,21,18,8,4,6,7,7,1,25,25
518,25,9,12,14,15,5,20,17,7,4,6,8,7,1,25,25
519,25,8,11,13,16,6,19,16,6,4,6,9,7,2,25,25
520,25,7,10,12,17,6,18,15,5,5,7,10,8,3,25,25
521,24,6,9,11,18,6,17,14,4,6,7,11,9,4,25,25
522,23,5,8,10,18,7,16,13,3,6,7,12,9,5,25,25
523,22,4,7,9,18,8,15,12,2,6,8,13,9,6,25,25
524,21,3,6,8,19,8,14,11,1,7,9,13,10,7,25,25
525,20,2,5,7,19,8,13,10,1,8,10,13,11,8,25,25
526,19,1,4,6,19,9,12,9,1,9,11,14,12,9,25,25
527,18,1,3,5,20,9,11,8,2,10,11,14,13,9,25,25
528,17,1,2,4,21,9,10,7,3,10,11,14,13,9,25,25
529,16,2,1,3,21,10,9,6,3,10,12,15,13,10,25,25
530,15,3,1,2,21,11,8,5,3,11,13,16,14,11,25,25
531,14,3,1,1,22,11,7,4,4,12,14,16,15,12,25,25
532,13,3,2,1,22,11,6,3,4,13,15,16,15,12,25,25
533,12,4,3,1,22,12,5,2,4,13,15,17,15,12,25,25
534,11,4,3,2,23,12,4,1,5,13,15,17,16,13,25,25
535,10,4,3,3,24,12,3,1,6,14,16,17,17,14,25,25
536,9,5,4,3,24,13,2,1,6,15,16,18,17,14,25,25
537,8,6,5,3,24,14,1,2,6,16,16,18,17,14,25,25
538,7,7,6,4,23,15,1,3,7,17,17,18,18,15,25,25
539,6,8,7,5,22,16,1,4,8,17,18,19,18,16,25,25
540,5,9,8,5,21,17,2,4,9,17,19,19,18,16,25,25
541,4,9,9,5,20,17,3,4,10,18,19,19,19,16,25,25
542,3,9,9,6,19,17,4,5,11,19,19,20,19,17,25,25
543,2,10,9,6,18,18,5,6,12,20,20,20,19,17,25,25
544,1,11,10,6,17,19,6,6,13,20,21,20,20,17,25,25
545,1,12,11,7,16,20,6,6,14,20,22,21,21,18,25,25
546,1,13,11,8,15,21,6,7,15,21,22,22,22,19,25,25
547,2,13,11,8,14,22,7,8,16,21,22,22,23,19,25,25
548,3,13,12,8,13,23,7,9,17,21,23,22,23,19,24,24
549,3,14,13,9,12,23,7,9,18,22,23,21,23,20,23,23
550,3,14,14,9,11,23,8,9,18,23,23,20,24,20,22,22
551,4,14,14,9,10,24,9,10,18,23,24,19,24,20,21,21
552,5,15,14,10,9,25,9,11,19,23,24,18,24,21,20,20
553,6,16,15,11,8,25,9,12,20,24,24,17,23,22,19,19
554,7,16,16,12,7,25,10,12,21,24,25,16,22,23,18,18
555,7,16,17,12,6,24,11,12,22,24,25,15,21,23,17,17
556,7,17,17,12,5,23,11,13,23,25,25,14,20,23,16,16
557,8,18,17,13,4,22,11,13,23,25,24,13,19,22,15,15
558,9,19,18,14,3,21,12,13,23,25,23,12,18,21,14,14
559,9,19,19,15,2,20,13,14,24,24,22,11,17,20,13,13
560,9,19,20,16,1,19,14,15,24,23,21,10,16,19,12,12
561,10,20,21,17,1,18,15,16,24,22,20,9,15,18,11,11
562,11,21,21,18,1,17,16,17,23,21,19,8,14,17,10,10
563,12,22,21,18,2,16,17,17,22,20,18,7,13,16,9,9
564,12,23,22,18,3,15,17,17,21,19,17,6,12,15,8,8
565,12,23,22,19,4,14,17,16,20,18,16,5,11,14,7,7
566,13,23,22,19,4,13,18,15,19,17,15,4,10,13,6,6
567,13,24,21,19,4,12,19,14,18,16,14,3,9,12,5,5
568,13,25,20,18,5,11,20,13,17,15,13,2,8,11,4,4
569,14,25,19,17,5,10,21,12,16,14,12,1,7,10,3,3
570,14,25,18,16,5,9,21,11,15,13,11,1,6,9,2,2
571,14,24,17,15,6,8,21,10,14,12,10,1,5,8,1,1
572,15,23,16,14,7,7,22,9,13,11,9,2,4,7,1,1
573,15,22,15,13,7,6,23,8,12,10,8,2,3,6,1,1
574,15,21,14,12,7,5,23,7,11,9,7,2,2,5,2,2
575,16,20,13,11,8,4,23,6,10,8,6,3,1,4,2,3
576,17,19,12,10,9,3,24,5,9,7,5,4,1,3,2,4
577,18,18,11,9,10,2,24,4,8,6,4,5,1,2,3,5
578,19,17,10,8,11,1,24,3,7,5,3,6,2,1,4,5
579,19,16,9,7,12,1,25,2,6,4,2,7,3,1,4,5
580,19,15,8,6,12,1,25,1,5,3,1,8,4,1,4,6
581,18,14,7,5,12,2,25,1,4,2,1,9,4,2,5,7
582,17,13,6,4,13,3,24,1,3,1,1,10,4,3,6,8
583,16,12,5,3,14,4,23,2,2,1,2,11,5,3,7,8
584,15,11,4,2,15,5,22,3,1,1,2,11,5,3,7,8
585,14,10,3,1,16,5,21,3,1,2,2,11,5,4,7,9
586,13,9,2,1,16,5,20,3,1,2,3,12,6,5,8,9
587,12,8,1,1,16,6,19,4,2,2,4,12,7,6,9,9
588,11,7,1,2,17,7,18,5,2,3,4,12,8,6,9,10
589,10,6,1,3,18,8,17,5,2,3,4,13,8,6,9,10
590,9,5,2,4,18,9,16,5,3,3,5,14,8,7,10,10
591,8,4,3,5,18,9,15,6,4,4,6,15,9,7,11,11
592,7,3,4,6,19,9,14,7,4,5,7,16,10,7,11,12
593,6,2,5,6,20,10,13,8,4,5,8,16,11,8,11,12
594,5,1,5,6,20,10,12,9,5,5,8,16,12,9,12,12
595,4,1,5,7,20,10,11,10,6,6,8,17,12,10,12,13
596,3,1,6,7,21,11,10,11,6,7,9,18,12,11,12,13
597,2,2,7,7,21,12,9,12,6,8,10,19,13,12,13,13
598,1,3,8,8,21,13,8,13,7,9,11,19,13,12,14,14
599,1,4,9,9,22,14,7,13,8,10,11,19,13,12,15,15
600,1,5,10,10,23,15,6,13,8,11,11,20,14,13,16,15
601,2,6,11,11,24,15,5,14,8,12,12,20,15,14,17,15
602,2,7,12,11,25,15,4,14,9,13,13,20,16,14,18,16
603,2,8,12,11,25,16,3,14,10,13,14,21,16,14,19,17
604,3,9,12,12,25,16,2,15,11,13,15,22,16,15,20,18
605,3,9,13,13,24,16,1,16,12,14,16,23,17,16,21,18
606,3,9,13,14,23,17,1,17,13,14,16,23,17,17,22,18
607,4,10,13,15,22,17,1,17,14,14,16,23,17,18,23,19
608,5,10,14,16,21,17,2,17,15,15,17,24,18,18,23,20
609,6,10,14,16,20,18,3,18,16,16,18,24,19,18,23,21
610,6,11,14,16,19,19,4,19,16,16,18,24,19,19,22,22
611,6,12,15,17,18,19,4,19,16,16,18,25,19,19,21,23
612,7,13,16,17,17,19,4,19,17,17,19,25,20,19,20,23
613,8,14,17,17,16,20,5,20,18,18,20,25,21,20,19,23
614,8,14,18,18,15,20,6,20,19,19,21,24,22,20,18,22
615,8,14,18,19,14,20,7,20,19,20,22,23,23,20,17,21
616,9,15,18,20,13,21,8,21,19,21,23,22,24,19,16,20
617,10,16,19,20,12,22,9,22,20,22,23,21,25,18,15,19
618,11,16,20,20,11,23,10,23,21,22,23,20,25,17,14,18
619,11,16,20,21,10,24,10,23,21,22,24,19,25,16,13,17
620,11,17,20,21,9,25,10,23,21,21,25,18,24,15,12,16
621,12,18,21,21,8,25,11,22,22,20,25,17,23,14,11,15
622,12,19,22,22,7,25,12,21,22,19,25,16,22,13,10,14
623,12,20,23,23,6,24,13,20,22,18,24,15,21,12,9,13
624,13,20,23,23,5,23,13,19,23,17,23,14,20,11,8,12
625,14,20,23,23,4,22,13,18,24,16,22,13,19,10,7,11
626,14,21,24,22,3,21,14,17,25,15,21,12,18,9,6,10
627,14,21,24,21,2,20,14,16,25,14,20,11,17,8,5,9
628,15,21,24,20,1,19,14,15,25,13,19,10,16,7,4,8
629,16,22,23,19,1,18,15,14,24,12,18,9,15,6,3,7
630,17,23,22,18,1,17,15,13,23,11,17,8,14,5,2,6
631,18,23,21,17,2,16,15,12,22,10,16,7,13,4,1,5
632,19,23,20,16,3,15,16,11,21,9,15,6,12,3,1,4
633,20,22,19,15,4,14,17,10,20,8,14,5,11,2,1,3
634,21,21,18,14,5,13,17,9,19,7,13,4,10,1,2,2
635,22,20,17,13,6,12,17,8,18,6,12,3,9,1,2,1
636,22,19,16,12,7,11,18,7,17,5,11,2,8,1,2,1
637,22,18,15,11,7,10,18,6,16,4,10,1,7,2,3,1
638,23,17,14,10,7,9,18,5,15,3,9,1,6,3,4,2
639,23,16,13,9,8,8,19,4,14,2,8,1,5,3,5,3
640,23,15,12,8,8,7,20,3,13,1,7,2,4,3,6,4
641,22,14,11,7,8,6,21,2,12,1,6,3,3,4,7,5
642,21,13,10,6,9,5,22,1,11,1,5,4,2,4,8,5
643,20,12,9,5,9,4,23,1,10,2,4,4,1,4,9,5
644,19,11,8,4,9,3,23,1,9,3,3,4,1,5,9,6
645,18,10,7,3,10,2,23,2,8,3,2,5,1,6,9,7
646,17,9,6,2,11,1,22,3,7,3,1,6,2,7,10,8
647,16,8,5,1,12,1,21,3,6,4,1,7,2,7,10,8
648,15,7,4,1,13,1,20,3,5,4,1,7,2,7,10,8
649,14,6,3,1,14,2,19,4,4,4,2,7,3,8,11,9
650,13,5,2,2,14,3,18,4,3,5,3,8,4,8,12,9
651,12,4,1,2,14,4,17,4,2,6,4,9,5,8,13,9
652,11,3,1,2,15,5,16,5,1,7,5,10,5,9,13,10
653,10,2,1,3,16,5,15,6,1,8,5,11,5,10,13,11
654,9,1,2,4,17,5,14,6,1,9,5,11,6,10,14,12
655,8,1,2,5,17,6,13,6,2,10,6,11,6,10,15,13
656,7,1,2,5,17,7,12,7,2,11,6,12,6,11,15,14
657,6,2,3,5,18,8,11,8,2,11,6,12,7,12,15,14
658,5,3,4,6,18,9,10,9,3,11,7,12,8,12,16,14
659,4,3,5,7,18,10,9,10,4,12,8,13,9,12,16,15
660,3,3,6,8,19,11,8,10,5,13,8,14,9,13,16,15
661,2,4,7,9,19,12,7,10,5,14,8,15,9,14,17,15
662,1,5,8,10,19,13,6,11,5,15,9,16,10,15,17,16
663,1,6,9,11,18,13,5,11,6,15,10,17,11,15,17,16
664,1,6,10,11,17,13,4,11,6,15,11,18,12,15,18,16
665,2,6,11,11,16,14,3,12,6,16,11,19,13,14,18,17
666,2,7,12,12,15,14,2,13,7,16,11,19,14,13,18,18
667,2,8,12,12,14,14,1,14,8,16,12,19,14,12,19,18
668,3,8,12,12,13,15,1,14,9,17,13,20,14,11,20,18
669,4,8,13,13,12,16,1,14,9,18,14,20,15,10,21,19
670,5,9,14,13,11,17,2,15,9,19,14,20,16,9,22,19
671,6,9,14,13,10,18,3,16,10,20,14,21,16,8,22,19
672,7,9,14,14,9,18,4,17,10,21,15,22,16,7,22,20
673,7,10,15,14,8,18,5,17,10,21,16,23,17,6,23,21
674,7,10,16,14,7,19,6,17,11,21,17,24,18,5,24,21
675,8,10,17,15,6,19,7,18,11,22,18,24,19,4,25,21
676,9,11,17,15,5,19,8,19,11,23,19,24,19,3,25,22
677,10,12,17,15,4,20,8,19,12,23,20,25,19,2,25,23
678,11,13,18,16,3,21,8,19,13,23,20,25,20,1,24,23
679,11,14,19,16,2,22,9,20,14,24,20,25,21,1,23,23
680,11,15,19,16,1,23,9,20,15,24,21,24,22,1,22,22
681,12,15,19,17,1,23,9,20,15,24,22,23,23,2,21,21
682,13,15,20,18,1,23,10,21,15,23,23,22,23,2,20,20
683,13,16,21,19,2,24,11,21,16,22,24,21,23,2,19,19
684,13,16,22,20,2,25,12,21,17,21,25,20,22,3,18,18
685,14,16,22,21,2,25,13,20,18,20,25,19,21,4,17,17
686,14,17,22,21,3,25,13,19,19,19,25,18,20,5,16,16
687,14,18,21,21,4,24,13,18,19,18,24,17,19,6,15,15
688,15,19,20,22,5,23,14,17,19,17,23,16,18,7,14,14
689,15,20,19,23,5,22,15,16,18,16,22,15,17,8,13,13
690,15,21,18,24,5,21,15,15,17,15,21,14,16,9,12,12
691,16,22,17,25,6,20,15,14,16,14,20,13,15,10,11,11
692,17,22,16,25,6,19,16,13,15,13,19,12,14,10,10,10
693,17,22,15,25,6,18,17,12,14,12,18,11,13,10,9,9
694,17,23,14,24,7,17,18,11,13,11,17,10,12,11,8,8
695,18,24,13,23,8,16,19,10,12,10,16,9,11,11,7,7
696,18,25,12,22,9,15,19,9,11,9,15,8,10,11,6,6
697,18,25,11,21,10,14,19,8,10,8,14,7,9,12,5,5
698,19,25,10,20,11,13,20,7,9,7,13,6,8,13,4,4
699,20,24,9,19,11,12,21,6,8,6,12,5,7,14,3,3
700,21,23,8,18,11,11,21,5,7,5,11,4,6,15,2,2
701,22,22,7,17,12,10,21,4,6,4,10,3,5,16,1,1
702,23,21,6,16,13,9,22,3,5,3,9,2,4,16,1,1
703,24,20,5,15,14,8,23,2,4,2,8,1,3,16,1,1
704,25,19,4,14,15,7,24,1,3,1,7,1,2,17,2,2
705,25,18,3,13,16,6,24,1,2,1,6,1,1,18,2,2
706,25,17,2,12,17,5,24,1,1,1,5,2,1,19,2,2
707,24,16,1,11,17,4,23,2,1,2,4,3,1,20,3,3
708,23,15,1,10,17,3,22,2,1,3,3,3,2,20,3,4
709,22,14,1,9,18,2,21,2,2,4,2,3,3,20,3,4
710,21,13,2,8,19,1,20,3,2,4,1,4,4,21,4,4
711,20,12,3,7,19,1,19,3,2,4,1,4,5,21,5,5
712,19,11,3,6,19,1,18,3,3,5,1,4,6,21,5,5
713,18,10,3,5,20,2,17,4,4,6,2,5,7,22,5,5
714,17,9,4,4,21,3,16,5,5,6,3,6,7,22,6,6
715,16,8,5,3,22,3,15,6,6,6,4,7,7,22,7,7
716,15,7,5,2,23,3,14,6,7,7,5,7,8,21,7,8
717,14,6,5,1,23,4,13,6,7,8,5,7,9,20,7,8
718,13,5,6,1,23,5,12,7,7,8,5,8,9,19,8,8
719,12,4,7,1,24,6,11,8,8,8,6,9,9,18,9,9
720,11,3,8,2,25,7,10,9,8,9,6,9,10,17,10,9
721,10,2,9,2,25,7,9,10,8,10,6,9,11,16,10,9
722,9,1,10,2,25,7,8,11,9,11,7,10,12,15,10,10
723,8,1,11,3,24,8,7,11,10,12,8,11,12,14,11,10
724,7,1,12,3,23,8,6,11,11,12,9,12,12,13,12,10
725,6,2,13,3,22,8,5,12,12,12,9,13,13,12,12,11
726,5,2,13,4,21,9,4,13,13,13,9,14,13,11,12,12
727,4,2,13,5,20,10,3,13,14,13,10,14,13,10,13,13
728,3,3,14,5,19,10,2,13,14,13,11,14,14,9,14,14
729,2,3,14,5,18,10,1,14,14,14,12,15,15,8,15,15
730,1,3,14,6,17,11,1,14,15,14,13,16,16,7,16,16
731,1,4,15,6,16,12,1,14,16,14,14,17,17,6,17,17
732,1,5,16,6,15,13,2,15,17,15,14,17,17,5,18,17
733,2,6,17,7,14,14,3,16,17,16,14,17,17,4,19,17
734,3,6,17,7,13,15,4,17,17,16,15,18,18,3,20,18
735,4,6,17,7,12,16,5,18,18,16,15,18,19,2,21,19
736,5,7,18,8,11,17,6,18,19,17,15,18,20,1,22,20
737,6,8,19,9,10,18,6,18,20,18,16,17,21,1,22,21
738,7,9,19,10,9,18,6,19,20,18,17,16,21,1,22,22
739,8,10,19,10,8,18,7,19,20,18,18,15,21,2,23,23
740,9,10,20,10,7,19,8,19,21,19,19,14,22,3,24,24
741,10,10,21,11,6,20,8,20,21,20,19,13,22,4,24,25
742,11,11,21,12,5,20,8,20,21,20,19,12,22,5,24,25
743,11,12,21,13,4,20,9,20,22,20,20,11,23,5,25,25
744,11,13,22,14,3,21,10,19,23,19,21,10,23,5,25,24
745,12,14,23,15,2,21,11,18,23,18,21,9,23,6,25,23
746,13,15,24,16,1,21,11,17,23,17,21,8,22,6,24,22
747,13,15,25,17,1,22,11,16,24,16,22,7,21,6,23,21
748,13,15,25,18,1,22,12,15,24,15,23,6,20,7,22,20
749,14,16,25,18,2,22,13,14,24,14,24,5,19,8,21,19
750,14,16,24,18,3,23,14,13,23,13,25,4,18,9,20,18
751,14,16,23,19,4,24,15,12,22,12,25,3,17,10,19,17
752,15,17,22,20,5,24,15,11,21,11,25,2,16,10,18,16
753,16,18,21,21,5,24,15,10,20,10,24,1,15,10,17,15
754,17,18,20,21,5,25,16,9,19,9,23,1,14,11,16,14
755,17,18,19,21,6,25,16,8,18,8,22,1,13,12,15,13
756,17,19,18,22,6,25,16,7,17,7,21,2,12,12,14,12
757,18,20,17,23,6,24,17,6,16,6,20,3,11,12,13,11
758,19,21,16,24,7,23,18,5,15,5,19,4,10,13,12,10
759,20,21,15,25,8,22,19,4,14,4,18,5,9,14,11,9
760,20,21,14,25,8,21,19,3,13,3,17,5,8,15,10,8
761,20,22,13,25,8,20,19,2,12,2,16,5,7,15,9,7
762,21,23,12,24,9,19,20,1,11,1,15,6,6,15,8,6
763,21,23,11,23,10,18,21,1,10,1,14,6,5,16,7,5
764,21,23,10,22,10,17,22,1,9,1,13,6,4,16,6,4
765,22,22,9,21,10,16,23,2,8,2,12,7,3,16,5,3
766,22,21,8,20,11,15,23,3,7,3,11,7,2,17,4,2
767,22,20,7,19,12,14,23,4,6,3,10,7,1,18,3,1
768,21,19,6,18,12,13,24,4,5,3,9,8,1,19,2,1
769,20,18,5,17,12,12,25,4,4,4,8,9,1,20,1,1
770,19,17,4,16,13,11,25,5,3,4,7,10,2,20,1,2
771,18,16,3,15,14,10,25,6,2,4,6,11,3,20,1,3
772,17,15,2,14,15,9,24,7,1,5,5,11,4,21,2,4
773,16,14,1,13,16,8,23,7,1,6,4,11,4,22,3,4
774,15,13,1,12,16,7,22,7,1,6,3,12,4,22,3,4
775,14,12,1,11,16,6,21,8,2,6,2,13,5,22,3,5
776,13,11,2,10,17,5,20,9,2,7,1,13,5,21,4,6
777,12,10,3,9,18,4,19,10,2,7,1,13,5,20,4,7
778,11,9,3,8,19,3,18,10,3,7,1,14,6,19,4,8
779,10,8,3,7,20,2,17,10,4,8,2,15,7,18,5,9
780,9,7,4,6,21,1,16,11,5,8,3,16,8,17,6,10
781,8,6,5,5,21,1,15,12,6,8,3,16,9,16,7,11
782,7,5,6,4,21,1,14,13,7,9,3,16,10,15,7,12
783,6,4,7,3,20,2,13,14,8,10,4,17,10,14,7,13
784,5,3,7,2,19,3,12,14,8,11,5,17,10,13,8,13
785,4,2,7,1,18,3,11,14,8,12,6,17,11,12,9,13
786,3,1,8,1,17,3,10,15,9,13,7,18,12,11,10,14
787,2,1,8,1,16,4,9,15,10,14,7,19,12,10,10,14
788,1,1,8,2,15,5,8,15,11,15,7,19,12,9,10,14
789,1,2,9,3,14,6,7,16,12,16,8,19,13,8,11,15
790,1,3,9,3,13,7,6,17,13,17,9,20,14,7,11,16
791,2,4,9,3,12,7,5,18,14,17,9,21,15,6,11,17
792,2,5,10,4,11,7,4,18,14,17,9,22,16,5,12,17
793,2,5,10,5,10,8,3,18,14,18,10,23,17,4,13,17
794,3,5,10,6,9,9,2,19,15,19,11,23,18,3,14,18
795,3,6,11,7,8,10,1,19,16,20,11,23,18,2,15,19
796,3,7,12,8,7,11,1,19,16,20,11,22,18,1,15,19
797,4,8,12,8,6,12,1,20,16,20,12,21,19,1,15,19
798,5,8,12,8,5,13,2,20,17,19,13,20,20,1,16,20
799,6,8,13,9,4,13,2,20,18,18,14,19,21,2,17,21
800,7,9,14,9,3,13,2,21,19,17,15,18,21,2,18,22
801,8,10,15,9,2,14,3,22,19,16,16,17,21,2,19,22
802,8,10,16,10,1,15,4,23,19,15,16,16,22,3,20,22
803,8,10,17,11,1,16,5,24,20,14,16,15,22,4,20,23
804,9,11,18,12,1,16,6,24,20,13,17,14,22,5,20,24
805,10,11,19,13,2,16,7,24,20,12,17,13,23,6,21,24
806,11,11,19,14,2,17,7,25,21,11,17,12,23,7,22,24
807,12,12,19,14,2,18,7,25,21,10,18,11,23,8,23,23
808,13,13,20,14,3,19,8,25,21,9,19,10,24,9,24,22
809,14,13,21,15,3,20,9,24,22,8,19,9,25,10,24,21
810,15,13,22,15,3,21,10,23,23,7,19,8,25,11,24,20
811,16,14,22,15,4,22,11,22,24,6,20,7,25,12,23,19
812,17,15,22,16,5,22,11,21,24,5,20,6,24,13,22,18
813,18,16,21,17,6,22,11,20,24,4,20,5,23,14,21,17
814,18,16,20,18,7,23,12,19,23,3,21,4,22,15,20,16
815,18,16,19,19,8,23,13,18,22,2,22,3,21,15,19,15
816,19,17,18,20,9,23,13,17,21,1,22,2,20,15,18,14
817,20,18,17,21,10,22,13,16,20,1,22,1,19,16,17,13
818,21,19,16,22,11,21,14,15,19,1,21,1,18,16,16,12
819,21,20,15,22,12,20,15,14,18,2,20,1,17,16,15,11
820,21,20,14,22,13,19,16,13,17,3,19,2,16,17,14,10
821,22,20,13,23,13,18,17,12,16,4,18,2,15,18,13,9
822,22,21,12,23,13,17,18,11,15,5,17,2,14,18,12,8
823,22,22,11,23,14,16,18,10,14,6,16,3,13,18,11,7
824,23,23,10,24,14,15,18,9,13,6,15,4,12,19,10,6
825,23,23,9,24,14,14,19,8,12,6,14,5,11,19,9,5
826,23,23,8,24,15,13,19,7,11,7,13,5,10,19,8,4
827,24,24,7,23,15,12,19,6,10,8,12,5,9,20,7,3
828,24,24,6,22,15,11,20,5,9,9,11,6,8,20,6,2
829,24,24,5,21,16,10,21,4,8,9,10,7,7,20,5,1
830,23,23,4,20,17,9,22,3,7,9,9,8,6,21,4,1
831,22,22,3,19,18,8,22,2,6,10,8,9,5,21,3,1
832,21,21,2,18,18,7,22,1,5,11,7,10,4,21,2,2
833,20,20,1,17,18,6,23,1,4,12,6,10,3,22,1,2
834,19,19,1,16,19,5,24,1,3,13,5,10,2,22,1,2
835,18,18,1,15,20,4,24,2,2,14,4,11,1,22,1,3
836,17,17,2,14,21,3,24,3,1,14,3,12,1,23,2,3
837,16,16,2,13,22,2,23,3,1,14,2,13,1,24,3,3
838,15,15,2,12,22,1,22,3,1,15,1,14,2,25,4,4
839,14,14,3,11,22,1,21,4,2,15,1,14,3,25,5,5
840,13,13,4,10,21,1,20,5,3,15,1,14,4,25,6,6
841,12,12,4,9,20,2,19,6,3,16,2,15,4,24,7,7
842,11,11,4,8,19,3,18,6,3,17,3,15,4,23,7,8
843,10,10,5,7,18,4,17,6,4,17,3,15,5,22,7,8
844,9,9,5,6,17,5,16,7,5,17,3,16,5,21,8,8
845,8,8,5,5,16,6,15,8,6,18,4,17,5,20,9,9
846,7,7,6,4,15,7,14,9,7,19,5,17,6,19,10,10
847,6,6,7,3,14,8,13,10,8,20,5,17,6,18,11,11
848,5,5,8,2,13,9,12,11,9,21,5,18,6,17,12,11
849,4,4,8,1,12,10,11,12,10,22,6,19,7,16,13,11
850,3,3,8,1,11,10,10,12,11,23,7,20,8,15,14,12
851,2,2,9,1,10,10,9,12,12,24,8,20,9,14,15,13
852,1,1,10,2,9,11,8,13,12,24,9,20,9,13,15,13
853,1,1,10,2,8,11,7,14,12,24,10,21,9,12,15,13
854,1,1,10,2,7,11,6,14,13,25,11,21,10,11,16,14
855,2,2,11,3,6,12,5,14,14,25,12,21,11,10,17,14
856,2,2,12,4,5,13,4,15,14,25,13,22,12,9,17,14
857,2,2,13,5,4,14,3,15,14,24,14,23,13,8,17,15
858,3,3,14,6,3,15,2,15,15,23,15,24,14,7,18,16
859,4,4,15,7,2,16,1,16,15,22,16,25,15,6,18,17
860,4,4,16,7,1,17,1,17,15,21,17,25,15,5,18,18
861,4,4,17,7,1,17,1,18,16,20,18,25,15,4,19,19
862,5,5,17,8,1,17,2,19,17,19,18,24,16,3,19,19
863,5,6,17,8,2,18,3,19,18,18,18,23,17,2,19,19
864,5,7,18,8,3,18,3,19,18,17,19,22,18,1,20,20
865,6,7,19,9,4,18,3,20,18,16,19,21,18,1,20,20
866,7,7,19,10,5,19,4,21,19,15,19,20,18,1,20,20
867,7,8,19,11,6,19,4,21,20,14,20,19,19,2,21,21
868,7,9,20,12,7,19,4,21,20,13,20,18,20,3,22,22
869,8,10,20,13,8,20,5,22,20,12,20,17,20,4,22,23
870,9,11,20,14,8,20,6,23,21,11,21,16,20,5,22,24
871,10,12,21,15,8,20,6,23,22,10,22,15,21,6,23,25
872,11,12,22,16,9,21,6,23,22,9,22,14,21,7,24,25
873,12,12,23,17,10,22,7,24,22,8,22,13,21,8,25,25
874,13,13,24,18,11,23,7,25,23,7,23,12,22,8,25,24
875,14,13,25,18,12,24,7,25,23,6,24,11,22,8,25,23
876,14,13,25,18,12,24,8,25,23,5,24,10,22,9,24,22
877,14,14,25,19,12,24,9,24,22,4,24,9,23,10,23,21
878,15,15,24,19,13,23,9,23,21,3,25,8,24,11,22,20
879,15,16,23,19,14,22,9,22,20,2,25,7,24,12,21,19
880,15,17,22,20,14,21,10,21,19,1,25,6,24,13,20,18
881,16,17,21,21,14,20,11,20,18,1,24,5,23,14,19,17
882,17,17,20,22,15,19,12,19,17,1,23,4,22,15,18,16
883,18,18,19,22,15,18,13,18,16,2,22,3,21,16,17,15
884,19,19,18,22,15,17,13,17,15,3,21,2,20,17,16,14
885,20,20,17,23,16,16,13,16,14,3,20,1,19,18,15,13
886,21,20,16,24,17,15,14,15,13,3,19,1,18,18,14,12
887,21,20,15,24,18,14,14,14,12,4,18,1,17,18,13,11
888,21,21,14,24,19,13,14,13,11,5,17,2,16,19,12,10
889,22,22,13,25,19,12,15,12,10,6,16,2,15,19,11,9
890,23,22,12,25,19,11,16,11,9,6,15,2,14,19,10,8
891,23,22,11,25,20,10,16,10,8,6,14,3,13,20,9,7
892,23,21,10,24,21,9,16,9,7,7,13,4,12,20,8,6
893,22,20,9,23,22,8,17,8,6,8,12,5,11,20,7,5
894,21,19,8,22,23,7,17,7,5,9,11,5,10,21,6,4
895,20,18,7,21,23,6,17,6,4,10,10,5,9,22,5,3
896,19,17,6,20,23,5,18,5,3,11,9,6,8,23,4,2
897,18,16,5,19,24,4,19,4,2,11,8,7,7,24,3,1
898,17,15,4,18,24,3,20,3,1,11,7,7,6,25,2,1
899,16,14,3,17,24,2,21,2,1,12,6,7,5,25,1,1
900,15,13,2,16,25,1,22,1,1,12,5,8,4,25,1,2
901,14,12,1,15,25,1,23,1,2,12,4,9,3,24,1,2
902,13,11,1,14,25,1,24,1,3,13,3,10,2,23,2,2
903,12,10,1,13,24,2,24,2,3,14,2,11,1,22,2,3
904,11,9,2,12,23,3,24,3,3,15,1,12,1,21,2,4
905,10,8,3,11,22,4,23,4,4,15,1,12,1,20,3,4
906,9,7,4,10,21,5,22,5,5,15,1,12,2,19,4,4
907,8,6,4,9,20,6,21,5,6,16,2,13,2,18,4,5
908,7,5,4,8,19,7,20,5,6,17,2,14,2,17,4,6
909,6,4,5,7,18,7,19,6,6,17,2,15,3,16,5,7
910,5,3,6,6,17,7,18,7,7,17,3,16,4,15,5,7
911,4,2,6,5,16,8,17,8,7,18,3,17,5,14,5,7
912,3,1,6,4,15,9,16,8,7,18,3,18,5,13,6,8
913,2,1,7,3,14,10,15,8,8,18,4,18,5,12,7,9
914,1,1,8,2,13,11,14,9,9,19,5,18,6,11,8,10
915,1,2,9,1,12,11,13,9,10,20,6,19,7,10,9,10
916,1,2,10,1,11,11,12,9,11,21,7,20,8,9,9,10
917,2,2,11,1,10,12,11,10,12,21,8,21,8,8,9,11
918,2,3,12,2,9,13,10,11,13,21,8,22,8,7,10,12
919,2,4,13,2,8,14,9,12,13,20,8,22,9,6,11,12
920,3,5,13,2,7,15,8,13,13,19,9,22,10,5,12,12
921,4,5,13,3,6,15,7,14,14,18,10,23,10,4,12,13
922,4,5,14,4,5,15,6,14,14,17,11,23,10,3,12,14
923,4,6,15,5,4,16,5,14,14,16,12,23,11,2,13,15
924,5,7,15,6,3,16,4,15,15,15,12,22,11,1,13,16
925,6,7,15,7,2,16,3,16,16,14,12,21,11,1,13,17
926,7,7,16,8,1,17,2,17,17,13,13,20,12,1,14,17
927,8,8,17,8,1,17,1,17,17,12,13,19,13,2,14,17
928,8,9,18,8,1,17,1,17,17,11,13,18,14,3,14,18
929,8,10,19,9,2,18,1,18,18,10,14,17,15,4,15,19
930,9,11,19,9,3,19,2,18,19,9,15,16,15,4,16,20
931,9,11,19,9,4,20,3,18,20,8,16,15,15,4,16,21
932,9,11,20,10,5,21,4,19,21,7,17,14,16,5,16,22
933,10,12,20,10,6,22,5,20,22,6,18,13,17,6,17,23
934,10,12,20,10,7,23,6,21,23,5,19,12,18,7,17,23
935,10,12,21,11,8,23,6,22,23,4,20,11,18,8,17,23
936,11,13,22,12,9,23,6,22,23,3,20,10,18,8,18,22
937,12,14,22,12,9,24,7,22,24,2,20,9,19,8,19,21
938,13,15,22,12,9,24,7,23,25,1,21,8,20,9,20,20
939,14,16,23,13,10,24,7,24,25,1,22,7,21,10,21,19
940,15,16,24,14,11,25,8,25,25,1,23,6,22,11,22,18
941,16,16,25,15,12,25,8,25,24,2,24,5,23,12,22,17
942,17,17,25,16,12,25,8,25,23,2,24,4,24,13,22,16
943,18,18,25,17,12,24,9,24,22,2,24,3,25,14,21,15
944,19,18,24,18,13,23,10,23,21,3,23,2,25,14,20,14
945,20,18,23,18,13,22,10,22,20,3,22,1,25,14,19,13
946,21,19,22,18,13,21,10,21,19,3,21,1,24,15,18,12
947,21,19,21,19,14,20,11,20,18,4,20,1,23,16,17,11
948,21,19,20,20,14,19,11,19,17,4,19,2,22,16,16,10
949,22,20,19,20,14,18,11,18,16,4,18,3,21,16,15,9
950,23,20,18,20,15,17,12,17,15,5,17,4,20,17,14,8
951,23,20,17,21,15,16,13,16,14,6,16,5,19,17,13,7
952,23,19,16,22,15,15,14,15,13,7,15,6,18,17,12,6
953,24,18,15,22,16,14,15,14,12,8,14,7,17,18,11,5
954,25,17,14,22,17,13,15,13,11,8,13,8,16,19,10,4
955,25,16,13,21,18,12,15,12,10,8,12,8,15,20,9,3
956,25,15,12,20,18,11,16,11,9,9,11,8,14,21,8,2
957,24,14,11,19,18,10,16,10,8,10,10,9,13,22,7,1
958,23,13,10,18,19,9,16,9,7,11,9,9,12,22,6,1
959,22,12,9,17,20,8,17,8,6,12,8,9,11,22,5,1
960,21,11,8,16,21,7,18,7,5,12,7,10,10,23,4,2
961,20,10,7,15,21,6,19,6,4,12,6,11,9,23,3,3
962,19,9,6,14,21,5,20,5,3,13,5,12,8,23,2,4
963,18,8,5,13,22,4,20,4,2,14,4,12,7,24,1,4
964,17,7,4,12,23,3,20,3,1,15,3,12,6,24,1,4
965,16,6,3,11,24,2,19,2,1,16,2,13,5,24,1,5
966,15,5,2,10,24,1,18,1,1,16,1,14,4,23,2,6
967,14,4,1,9,24,1,17,1,2,16,1,15,3,22,2,7
968,13,3,1,8,23,1,16,1,3,17,1,16,2,21,2,8
969,12,2,1,7,22,2,15,2,4,17,2,17,1,20,3,8
970,11,1,2,6,21,2,14,2,4,17,3,18,1,19,4,8
971,10,1,2,5,20,2,13,2,4,18,4,19,1,18,5,9
972,9,1,2,4,19,3,12,3,5,19,4,19,2,17,5,10
973,8,2,3,3,18,4,11,4,6,20,4,19,3,16,5,11
974,7,3,4,2,17,5,10,5,7,20,5,20,3,15,6,12
975,6,4,5,1,16,6,9,6,7,20,6,20,3,14,7,13
976,5,5,6,1,15,7,8,7,7,21,7,20,4,13,7,13
977,4,6,7,1,14,8,7,7,8,22,8,21,5,12,7,13
978,3,6,8,2,13,8,6,7,8,22,8,22,6,11,8,14
979,2,6,9,2,12,8,5,8,8,22,8,23,7,10,9,15
980,1,7,10,2,11,9,4,9,9,21,9,23,8,9,10,15
981,1,7,11,3,10,10,3,10,10,20,9,23,9,8,10,15
982,1,7,11,4,9,11,2,10,11,19,9,24,9,7,10,16
983,2,8,11,5,8,12,1,10,12,18,10,24,9,6,11,17
984,2,9,12,5,7,13,1,11,13,17,11,24,10,5,12,18
985,2,10,12,5,6,13,1,11,14,16,12,25,11,4,13,19
986,3,11,12,6,5,13,2,11,15,15,13,25,11,3,14,20
987,4,12,13,7,4,14,3,12,15,14,14,25,11,2,15,20
988,5,12,14,8,3,14,4,12,15,13,15,24,12,1,16,20
989,5,12,15,9,2,14,4,12,16,12,15,23,13,1,17,21
990,5,13,16,9,1,15,4,13,17,11,15,22,13,1,18,21
991,6,14,17,9,1,16,5,14,17,10,16,21,13,2,18,21
992,7,15,17,10,1,17,6,14,17,9,16,20,14,3,18,22
993,8,16,17,10,2,17,7,14,18,8,16,19,14,4,19,22
994,9,17,18,10,2,17,8,15,19,7,17,18,14,5,20,22
995,10,18,19,11,2,18,9,15,19,6,18,17,15,5,21,23
996,11,19,20,12,3,19,9,15,19,5,18,16,16,5,22,24
997,11,19,21,13,4,20,9,16,20,4,18,15,17,6,22,24
998,11,19,21,13,5,21,10,17,21,3,19,14,17,6,22,24
999,12,20,21,13,5,22,11,18,21,2,20,13,17,6,23,23
1000,13,21,20,14,5,23,12,19,21,1,20,12,18,7,24,22
1001,13,21,19,15,6,23,13,20,22,1,20,11,19,8,24,21
1002,13,21,18,16,6,23,14,21,22,1,21,10,20,8,24,20
1003,14,22,17,17,6,24,14,22,22,2,21,9,21,8,23,19
1004,15,22,16,18,7,24,14,23,21,2,21,8,22,9,22,18
1005,15,22,15,19,8,24,15,24,20,2,21,7,22,9,21,17
1006,15,23,14,19,8,25,16,24,19,3,21,6,22,9,20,16
1007,16,24,13,19,8,25,16,24,18,4,21,5,23,10,19,15
1008,17,25,12,20,9,25,16,23,17,5,21,4,23,10,18,14
1009,18,25,11,21,10,24,17,22,16,6,21,3,23,10,17,13
1010,19,25,10,22,10,23,18,21,15,6,21,2,24,11,16,12
1011,19,24,9,22,10,22,19,20,14,6,21,1,24,12,15,11
1012,19,23,8,22,11,21,20,19,13,7,21,1,24,12,14,10
1013,20,22,7,21,12,20,20,18,12,8,21,1,23,12,13,9
1014,21,21,6,20,13,19,20,17,11,9,21,2,22,13,12,8
1015,21,20,5,19,14,18,21,16,10,10,21,3,21,13,11,7
1016,21,19,4,18,15,17,22,15,9,10,21,3,20,13,10,6
1017,20,18,3,17,16,16,22,14,8,10,21,3,19,14,9,5
1018,19,17,2,16,17,15,22,13,7,11,21,4,18,15,8,4
1019,18,16,1,15,18,14,23,12,6,12,21,4,17,16,7,3
1020,17,15,1,14,18,13,23,11,5,12,21,4,16,16,6,2
1021,16,14,1,13,18,12,23,10,4,12,21,5,15,16,5,1
1022,15,13,2,12,19,11,24,9,3,13,21,5,14,15,4,1
1023,14,12,2,11,20,10,25,8,2,13,21,5,13,14,3,1
1024,13,11,2,10,20,9,25,7,1,13,21,6,12,13,2,2
1025,12,10,3,9,20,8,25,6,1,14,21,7,11,12,1,3
1026,11,9,3,8,21,7,24,5,1,14,21,8,10,11,1,4
1027,10,8,3,7,21,6,23,4,2,14,21,8,9,10,1,5
1028,9,7,4,6,21,5,22,3,3,15,21,8,8,9,2,5
1029,8,6,5,5,22,4,21,2,4,15,21,9,7,8,3,5
1030,7,5,5,4,23,3,20,1,5,15,21,9,6,7,3,6
1031,6,4,5,3,24,2,19,1,5,16,21,9,5,6,3,6
1032,5,3,6,2,25,1,18,1,5,17,21,10,4,5,4,6
1033,4,2,7,1,25,1,17,2,6,18,21,11,3,4,4,7
1034,3,1,8,1,25,1,16,2,6,19,21,11,2,3,4,8
1035,2,1,8,1,24,2,15,2,6,20,21,11,1,2,5,8
1036,1,1,8,2,23,3,14,3,7,21,21,12,1,1,6,8
1037,1,2,9,2,22,3,13,4,8,22,21,13,1,1,7,9
1038,1,3,10,2,21,3,12,4,9,23,21,14,2,1,8,9
1039,2,4,11,3,20,4,11,4,10,24,21,15,3,2,9,9
1040,2,5,12,4,19,5,10,5,10,24,21,16,4,3,9,10
1041,2,6,13,5,18,6,9,6,10,24,21,16,5,3,9,11
1042,3,6,14,5,17,7,8,6,11,25,21,16,5,3,10,11
1043,4,6,15,5,16,7,7,6,12,25,21,17,5,4,10,11
1044,5,7,16,6,15,7,6,7,13,25,21,18,6,5,10,12
1045,6,7,17,7,14,8,5,7,14,24,21,19,7,6,11,12
1046,6,7,17,8,13,9,4,7,15,23,21,20,8,7,11,12
1047,6,8,17,8,12,10,3,8,16,22,21,20,9,8,11,13
1048,7,9,18,8,11,11,2,9,17,21,21,20,10,8,12,14
1049,8,10,18,9,10,11,1,9,17,20,21,21,11,8,13,15
1050,9,11,18,10,9,11,1,9,17,19,21,22,12,9,14,16
1051,9,11,18,11,8,12,1,10,18,18,21,23,12,9,15,16
1052,9,11,18,12,7,13,2,11,19,17,21,23,12,9,16,16
1053,10,12,18,12,6,14,3,12,19,16,21,23,13,10,17,17
1054,11,12,18,12,5,14,4,12,19,15,21,22,14,10,18,18
1055,11,12,18,13,4,14,4,12,20,14,21,21,14,10,18,18
1056,11,13,18,13,3,15,4,13,20,13,21,20,14,11,18,18
1057,12,13,18,13,2,16,5,13,20,12,21,19,15,12,19,19
1058,13,13,18,14,1,17,6,13,21,11,21,18,16,13,20,19
1059,13,14,18,15,1,17,7,14,22,10,21,17,17,14,20,19
1060,13,15,18,16,1,17,7,15,23,9,21,16,18,14,20,20
1061,14,16,18,17,2,18,7,16,23,8,21,15,19,14,21,21
1062,15,17,18,18,3,19,8,17,23,7,21,14,20,15,21,21
1063,16,18,18,18,4,20,9,18,24,6,21,13,21,16,21,21
1064,17,18,18,18,5,20,9,19,24,5,21,12,21,17,22,20
1065,18,18,18,19,6,20,9,20,24,4,21,11,21,17,23,19
1066,19,19,18,20,6,19,10,21,23,3,21,10,22,17,24,18
1067,20,20,18,20,6,18,11,21,22,2,21,9,23,18,24,17
1068,21,21,18,20,7,17,12,21,21,1,21,8,24,18,24,16
1069,21,22,18,21,7,16,12,22,20,1,21,7,24,18,23,15
1070,21,22,18,21,7,15,12,23,19,1,21,6,24,19,22,14
1071,22,22,18,21,8,14,13,24,18,2,21,5,24,20,21,13
1072,22,21,18,22,9,13,14,24,17,3,21,4,24,21,20,12
1073,22,20,18,23,10,12,15,24,16,4,21,3,24,22,19,11
1074,23,19,18,24,11,11,16,23,15,5,21,2,24,22,18,10
1075,23,18,18,24,12,10,16,22,14,6,21,1,24,22,17,9
1076,23,17,18,24,13,9,16,21,13,7,21,1,24,23,16,8
1077,22,16,18,23,13,8,17,20,12,7,21,1,24,24,15,7
1078,21,15,18,22,13,7,17,19,11,7,21,2,24,25,14,6
1079,20,14,18,21,14,6,17,18,10,8,21,3,24,25,13,5
1080,19,13,18,20,15,5,18,17,9,9,21,4,24,25,12,4
1081,18,12,18,19,15,4,19,16,8,10,21,5,24,24,11,3
1082,17,11,18,18,15,3,20,15,7,10,21,6,24,23,10,2
1083,16,10,18,17,16,2,21,14,6,10,21,6,24,22,9,1
1084,15,9,18,16,17,1,22,13,5,11,21,6,24,21,8,1
1085,14,8,18,15,18,1,22,12,4,12,21,7,24,20,7,1
1086,13,7,18,14,18,1,22,11,3,13,21,7,24,19,6,2
1087,12,6,18,13,18,2,21,10,2,14,21,7,24,18,5,2
1088,11,5,18,12,19,3,20,9,1,14,21,8,24,17,4,2
1089,10,4,18,11,20,4,19,8,1,14,21,9,24,16,3,3
1090,9,3,18,10,21,5,18,7,1,15,21,10,24,15,2,3
1091,8,2,18,9,22,5,17,6,2,15,21,10,24,14,1,3
1092,7,1,18,8,23,5,16,5,3,15,21,10,24,13,1,4
1093,6,1,18,7,24,6,15,4,3,16,21,11,24,12,1,4
1094,5,1,18,6,25,7,14,3,3,17,21,11,24,11,2,4
1095,4,2,18,5,25,7,13,2,4,18,21,11,24,10,3,5
1096,3,3,18,4,25,7,12,1,5,19,21,12,24,9,4,5
1097,2,4,18,3,24,8,11,1,6,19,21,13,24,8,5,5
1098,1,5,18,2,23,9,10,1,7,19,21,14,24,7,5,6
1099,1,6,18,1,22,10,9,2,8,20,21,15,24,6,5,7
1100,1,7,18,1,21,10,8,3,8,21,21,16,24,5,6,8
1101,2,7,18,1,20,10,7,4,8,22,21,17,24,4,7,8
1102,3,7,18,2,19,11,6,5,9,23,21,17,24,3,7,8
1103,4,8,18,3,18,12,5,6,10,23,21,17,24,2,7,9
1104,5,8,18,4,17,13,4,6,11,23,21,18,24,1,8,10
1105,6,8,18,4,16,14,3,6,12,24,21,18,24,1,9,11
1106,7,9,18,4,15,15,2,7,13,25,21,18,24,1,10,11
1107,8,9,18,5,14,16,1,8,14,25,21,19,24,2,11,11
1108,9,9,18,6,13,17,1,9,15,25,21,19,24,3,12,12
1109,10,10,18,6,12,18,1,10,15,24,21,19,24,3,13,12
1110,10,11,18,6,11,19,2,11,15,23,21,20,24,3,13,12
1111,10,12,18,7,10,20,3,12,16,22,21,20,24,4,13,13
1112,11,13,18,7,9,21,4,13,16,21,21,20,24,5,14,14
1113,12,14,18,7,8,22,5,14,16,20,21,21,24,6,15,15
1114,12,14,18,8,7,22,5,15,17,19,21,22,24,6,15,16
1115,12,14,18,9,6,22,5,16,18,18,21,23,24,6,15,17
1116,13,15,18,9,5,22,6,17,18,17,21,23,24,7,16,18
1117,14,15,18,9,4,22,7,18,18,16,21,23,24,8,17,19
1118,15,15,18,10,3,22,8,18,19,15,21,22,24,9,17,20
1119,16,16,18,11,2,22,8,18,20,14,21,21,24,10,17,21
1120,16,17,18,11,1,22,8,19,21,13,21,20,24,10,18,21
1121,16,18,18,11,1,22,9,19,21,12,21,19,24,10,19,21
1122,17,18,18,12,1,22,9,19,21,11,21,18,24,11,19,22
1123,17,18,18,12,2,22,9,19,22,10,21,17,24,12,19,23
1124,17,19,18,12,3,22,10,19,22,9,21,16,24,12,20,23
1125,18,19,18,13,3,22,11,19,22,8,21,15,24,12,21,23
1126,18,19,18,14,3,22,12,19,23,7,21,14,24,13,22,22
1127,18,20,18,15,4,22,13,19,23,6,21,13,24,13,23,21
1128,19,21,18,16,4,22,13,19,23,5,21,12,24,13,24,20
1129,20,21,18,16,4,22,13,19,24,4,21,11,24,14,25,19
1130,21,21,18,16,5,22,14,19,25,3,21,10,24,14,25,18
1131,22,22,18,17,5,22,15,19,25,2,21,9,24,14,25,17
1132,23,23,18,17,5,22,15,19,25,1,21,8,24,15,25,16
1133,24,24,18,17,6,22,15,19,24,1,21,7,24,16,25,15
1134,24,24,18,18,6,22,16,19,23,1,21,6,24,17,25,14
1135,24,24,18,19,6,22,17,19,22,2,21,5,24,18,25,13
1136,25,23,18,20,7,22,18,19,21,3,21,4,24,19,25,12
1137,25,22,18,21,8,22,18,19,20,4,21,3,24,20,25,11
1138,25,21,18,22,9,22,18,19,19,5,21,2,24,21,25,10
1139,24,20,18,22,10,22,19,19,18,6,21,1,24,21,25,9
1140,23,19,18,22,10,22,19,19,17,7,21,1,24,21,25,8
1141,22,18,18,23,10,22,19,19,16,8,21,1,24,22,25,7
1142,21,17,18,23,11,22,20,19,15,8,21,2,24,22,25,6
1143,20,16,18,23,12,22,21,19,14,8,21,2,24,22,25,5
1144,19,15,18,22,12,22,21,19,13,9,21,2,24,21,25,4
1145,18,14,18,21,12,22,21,19,12,9,21,3,24,20,25,3
1146,17,13,18,20,13,22,20,19,11,9,21,3,24,19,25,2
1147,16,12,18,19,14,22,19,19,10,10,21,3,24,18,25,1
1148,15,11,18,18,14,22,18,19,9,11,21,4,24,17,25,1
1149,14,10,18,17,14,22,17,19,8,11,21,5,24,16,25,1
1150,13,9,18,16,15,22,16,19,7,11,21,5,24,15,25,2
1151,12,8,18,15,16,22,15,19,6,12,21,5,24,14,25,3
1152,11,7,18,14,16,22,14,19,5,12,21,6,24,13,25,3
1153,10,6,18,13,16,22,13,19,4,12,21,7,24,12,25,3
1154,9,5,18,12,15,22,12,19,3,13,21,7,24,11,25,4
1155,8,4,18,11,14,22,11,19,2,13,21,7,24,10,25,5
1156,7,3,18,10,13,22,10,19,1,13,21,8,24,9,25,6
1157,6,2,18,9,12,22,9,19,1,14,21,9,24,8,25,7
1158,5,1,18,8,11,22,8,19,1,15,21,9,24,7,25,8
1159,4,1,18,7,10,22,7,19,2,16,21,9,24,6,25,9
1160,3,1,18,6,9,22,6,19,3,17,21,10,24,5,25,10
1161,2,2,18,5,8,22,5,19,4,17,21,10,24,4,25,11
1162,1,3,18,4,7,22,4,19,5,17,21,10,24,3,25,11
1163,1,4,18,3,6,22,3,19,6,18,21,11,24,2,25,11
1164,1,5,18,2,5,22,2,19,7,18,21,12,24,1,25,12
1165,2,5,18,1,4,22,1,19,8,18,21,13,24,1,25,12
1166,3,5,18,1,3,22,1,19,9,19,21,14,24,1,25,12
1167,4,6,18,1,2,22,1,19,10,20,21,15,24,2,25,13
1168,4,7,18,2,1,22,2,19,11,21,21,16,24,3,25,14
1169,4,7,18,3,1,22,3,19,12,22,21,16,24,3,25,15
1170,5,7,18,4,1,22,4,19,13,23,21,16,24,3,25,16
1171,6,8,18,5,2,22,5,19,14,24,21,17,24,4,25,16
1172,7,9,18,6,3,22,6,19,14,25,21,17,24,5,25,16
1173,7,9,18,7,3,22,7,19,14,25,21,17,24,6,25,17
1174,7,9,18,8,3,22,7,19,15,25,21,18,24,6,25,17
1175,8,10,18,9,4,22,7,19,16,24,21,19,24,6,25,17
1176,9,10,18,10,5,22,8,19,17,23,21,20,24,7,25,17
1177,9,10,18,10,6,22,8,19,18,22,21,20,24,7,25,17
1178,9,11,18,10,7,22,8,19,19,21,21,20,24,7,25,17
1179,10,11,18,11,8,22,9,19,19,20,21,19,24,8,25,17
1180,11,11,18,12,8,22,10,19,19,19,21,18,24,8,25,17
1181,12,12,18,12,8,22,11,19,20,18,21,17,24,8,25,17
1182,13,13,18,12,9,22,12,19,21,17,21,16,24,9,25,17
1183,14,14,18,13,10,22,12,19,22,16,21,15,24,10,25,17
1184,15,15,18,14,10,22,12,19,23,15,21,14,24,11,25,17
1185,16,15,18,14,10,22,13,19,24,14,21,13,24,12,25,17
1186,17,15,18,14,11,22,13,19,24,13,21,12,24,12,25,17
1187,18,16,18,15,12,22,13,19,24,12,21,11,24,12,25,17
1188,19,16,18,16,12,22,14,19,24,11,21,10,24,13,25,17
1189,19,16,18,16,12,22,14,19,24,10,21,9,24,13,25,17
1190,19,17,18,16,13,22,14,19,24,9,21,8,24,13,25,17
1191,20,18,18,17,14,22,15,19,24,8,21,7,24,14,25,17
1192,21,18,18,17,15,22,15,19,24,7,21,6,24,15,25,17
1193,22,18,18,17,15,22,15,19,24,6,21,5,24,15,25,17
1194,22,19,18,18,15,22,16,19,24,5,21,4,24,15,25,17
1195,22,20,18,19,16,22,17,19,24,4,21,3,24,16,25,17
1196,23,21,18,20,16,22,17,19,24,3,21,2,24,16,25,17
1197,23,22,18,21,16,22,17,19,24,2,21,1,24,16,25,17
1198,23,23,18,22,17,22,18,19,24,1,21,1,24,17,25,17
1199,24,23,18,23,18,22,19,19,24,1,21,1,24,18,25,17
1200,24,23,18,24,19,22,20,19,24,1,21,2,24,19,25,17
1201,24,23,18,24,19,22,21,19,24,2,21,2,24,20,25,17
1202,25,23,18,24,19,22,22,19,24,3,21,2,24,21,25,17
1203,25,23,18,24,20,22,23,19,24,4,21,3,24,22,25,17
1204,25,23,18,24,21,22,24,19,24,5,21,4,24,23,25,17
1205,24,23,18,24,21,22,24,19,24,6,21,4,24,23,25,17
1206,23,23,18,24,21,22,24,19,24,6,21,4,24,23,25,17
1207,22,23,18,24,20,22,23,19,24,6,21,5,24,22,25,17
1208,21,23,18,24,19,22,22,19,24,7,21,6,24,21,25,17
1209,20,23,18,24,18,22,21,19,24,8,21,6,24,20,25,17
1210,19,23,18,24,17,22,20,19,24,9,21,6,24,19,25,17
1211,18,23,18,24,16,22,19,19,24,10,21,7,24,18,25,17
1212,17,23,18,24,15,22,18,19,24,11,21,8,24,17,25,17
1213,16,23,18,24,14,22,17,19,24,11,21,9,24,16,25,17
1214,15,23,18,24,13,22,16,19,24,11,21,9,24,15,25,17
1215,14,23,18,24,12,22,15,19,24,12,21,9,24,14,25,17
1216,13,23,18,24,11,22,14,19,24,13,21,10,24,13,25,17
1217,12,23,18,24,10,22,13,19,24,13,21,11,24,12,25,17
1218,11,23,18,24,9,22,12,19,24,13,21,11,24,11,25,17
1219,10,23,18,24,8,22,11,19,24,14,21,11,24,10,25,17
1220,9,23,18,24,7,22,10,19,24,15,21,12,24,9,25,17
1221,8,23,18,24,6,22,9,19,24,16,21,13,24,8,25,17
1222,7,23,18,24,5,22,8,19,24,17,21,14,24,7,25,17
1223,6,23,18,24,4,22,7,19,24,18,21,15,24,6,25,17
1224,5,23,18,24,3,22,6,19,24,19,21,16,24,5,25,17
1225,4,23,18,24,2,22,5,19,24,19,21,16,24,4,25,17
1226,3,23,18,24,1,22,4,19,24,19,21,16,24,3,25,17
1227,2,23,18,24,1,22,3,19,24,20,21,17,24,2,25,17
1228,1,23,18,24,1,22,2,19,24,20,21,18,24,1,25,17
1229,1,23,18,24,2,22,1,19,24,20,21,18,24,1,25,17
1230,1,23,18,24,3,22,1,19,24,21,21,18,24,1,25,17
1231,2,23,18,24,4,22,1,19,24,21,21,19,24,2,25,17
1232,3,23,18,24,5,22,2,19,24,21,21,20,24,3,25,17
1233,3,23,18,24,6,22,3,19,24,22,21,21,24,4,25,17
1234,3,23,18,24,6,22,4,19,24,22,21,22,24,5,25,17
1235,4,23,18,24,6,22,5,19,24,22,21,23,24,5,25,17
1236,4,23,18,24,7,22,6,19,24,23,21,23,24,5,25,17
1237,4,23,18,24,8,22,7,19,24,24,21,23,24,6,25,17
1238,5,23,18,24,9,22,8,19,24,25,21,24,24,6,25,17
1239,5,23,18,24,10,22,9,19,24,25,21,24,24,6,25,17
1240,5,23,18,24,11,22,10,19,24,25,21,24,24,7,25,17
1241,6,23,18,24,11,22,10,19,24,24,21,23,24,8,25,17
1242,7,23,18,24,11,22,10,19,24,23,21,22,24,9,25,17
1243,8,23,18,24,12,22,11,19,24,22,21,21,24,9,25,17
1244,8,23,18,24,12,22,12,19,24,21,21,20,24,9,25,17
1245,8,23,18,24,12,22,12,19,24,20,21,19,24,10,25,17
1246,9,23,18,24,13,22,12,19,24,19,21,18,24,10,25,17
1247,9,23,18,24,14,22,13,19,24,18,21,17,24,10,25,17
1248,9,23,18,24,14,22,13,19,24,17,21,16,24,11,25,17
1249,10,23,18,24,14,22,13,19,24,16,21,15,24,12,25,17
1250,11,23,18,24,15,22,14,19,24,15,21,14,24,12,25,17
1251,12,23,18,24,15,22,14,19,24,14,21,13,24,12,25,17
1252,13,23,18,24,15,22,14,19,24,13,21,12,24,13,25,17
1253,14,23,18,24,16,22,15,19,24,12,21,11,24,14,25,17
1254,14,23,18,24,17,22,16,19,24,11,21,10,24,15,25,17
1255,14,23,18,24,18,22,17,19,24,10,21,9,24,15,25,17
1256,15,23,18,24,18,22,18,19,24,9,21,8,24,15,25,17
1257,16,23,18,24,18,22,19,19,24,8,21,7,24,16,25,17
1258,17,23,18,24,19,22,20,19,24,7,21,6,24,17,25,17
1259,18,23,18,24,20,22,20,19,24,6,21,5,24,18,25,17
1260,19,23,18,24,21,22,20,19,24,5,21,4,24,18,25,17
1261,20,23,18,24,22,22,21,19,24,4,21,3,24,18,25,17
1262,20,23,18,24,22,22,22,19,24,3,21,2,24,19,25,17
1263,20,23,18,24,22,22,23,19,24,2,21,1,24,20,25,17
1264,21,23,18,24,21,22,23,19,24,1,21,1,24,21,25,17
1265,22,23,18,24,20,22,23,19,24,1,21,1,24,22,25,17
1266,23,23,18,24,19,22,24,19,24,1,21,2,24,22,25,17
1267,23,23,18,24,18,22,25,19,24,2,21,3,24,22,25,17
1268,23,23,18,24,17,22,25,19,24,3,21,4,24,21,25,17
1269,24,23,18,24,16,22,25,19,24,4,21,5,24,20,25,17
1270,24,23,18,24,15,22,24,19,24,5,21,5,24,19,25,17
1271,24,23,18,24,14,22,23,19,24,5,21,5,24,18,25,17
1272,23,23,18,24,13,22,22,19,24,5,21,6,24,17,25,17
1273,22,23,18,24,12,22,21,19,24,6,21,7,24,16,25,17
1274,21,23,18,24,11,22,20,19,24,6,21,8,24,15,25,17
1275,20,23,18,24,10,22,19,19,24,6,21,8,24,14,25,17
1276,19,23,18,24,9,22,18,19,24,7,21,8,24,13,25,17
1277,18,23,18,24,8,22,17,19,24,8,21,9,24,12,25,17
1278,17,23,18,24,7,22,16,19,24,8,21,10,24,11,25,17
1279,16,23,18,24,6,22,15,19,24,8,21,11,24,10,25,17
1280,15,23,18,24,5,22,14,19,24,9,21,11,24,9,25,17
1281,14,23,18,24,4,22,13,19,24,10,21,11,24,8,25,17
1282,13,23,18,24,3,22,12,19,24,11,21,12,24,7,25,17
1283,12,23,18,24,2,22,11,19,24,12,21,13,24,6,25,17
1284,11,23,18,24,1,22,10,19,24,13,21,13,24,5,25,17
1285,10,23,18,24,1,22,9,19,24,14,21,13,24,4,25,17
1286,9,23,18,24,1,22,8,19,24,15,21,14,24,3,25,17
1287,8,23,18,24,2,22,7,19,24,15,21,15,24,2,25,17
1288,7,23,18,24,3,22,6,19,24,15,21,16,24,1,25,17
1289,6,23,18,24,4,22,5,19,24,16,21,17,24,1,25,17
1290,5,23,18,24,4,22,4,19,24,17,21,18,24,1,25,17
1291,4,23,18,24,4,22,3,19,24,17,21,18,24,2,25,17
1292,3,23,18,24,5,22,2,19,24,17,21,18,24,3,25,17
1293,2,23,18,24,5,22,1,19,24,18,21,19,24,3,25,17
1294,1,23,18,24,5,22,1,19,24,19,21,19,24,3,25,17
1295,1,23,18,24,6,22,1,19,24,19,21,19,24,4,25,17
1296,1,23,18,24,7,22,2,19,24,19,21,20,24,5,25,17
1297,2,23,18,24,8,22,3,19,24,20,21,21,24,6,25,17
1298,3,23,18,24,9,22,3,19,24,21,21,21,24,7,25,17
1299,4,23,18,24,10,22,3,19,24,22,21,21,24,8,25,17
1300,5,23,18,24,10,22,4,19,24,23,21,22,24,9,25,17
1301,6,23,18,24,10,22,5,19,24,23,21,23,24,10,25,17
1302,6,23,18,24,11,22,6,19,24,23,21,23,24,11,25,17
1303,6,23,18,24,12,22,7,19,24,24,21,23,24,11,25,17
1304,7,23,18,24,13,22,7,19,24,25,21,24,24,11,25,17
1305,7,23,18,24,14,22,7,19,24,25,21,24,24,12,25,17
1306,7,23,18,24,15,22,8,19,24,25,21,24,24,13,25,17
1307,8,23,18,24,16,22,9,19,24,24,21,23,24,13,25,17
1308,9,23,18,24,17,22,10,19,24,23,21,22,24,13,25,17
1309,9,23,18,24,17,22,10,19,24,22,21,21,24,14,25,17
1310,9,23,18,24,17,22,10,19,24,21,21,20,24,14,25,17
1311,10,23,18,24,18,22,11,19,24,20,21,19,24,14,25,17
1312,11,23,18,24,18,22,12,19,24,19,21,18,24,15,25,17
1313,12,23,18,24,18,22,12,19,24,18,21,17,24,16,25,17
1314,13,23,18,24,19,22,12,19,24,17,21,16,24,17,25,17
1315,14,23,18,24,20,22,13,19,24,16,21,15,24,18,25,17
1316,15,23,18,24,20,22,14,19,24,15,21,14,24,18,25,17
1317,16,23,18,24,20,22,15,19,24,14,21,13,24,18,25,17
1318,17,23,18,24,21,22,16,19,24,13,21,12,24,19,25,17
1319,18,23,18,24,21,22,16,19,24,12,21,11,24,19,25,17
1320,19,23,18,24,21,22,16,19,24,11,21,10,24,19,25,17
1321,20,23,18,24,22,22,17,19,24,10,21,9,24,20,25,17
1322,21,23,18,24,22,22,18,19,24,9,21,8,24,21,25,17
1323,22,23,18,24,22,22,19,19,24,8,21,7,24,21,25,17
1324,23,23,18,24,23,22,20,19,24,7,21,6,24,21,25,17
1325,24,23,18,24,24,22,20,19,24,6,21,5,24,22,25,17
1326,25,23,18,24,24,22,20,19,24,5,21,4,24,23,25,17
1327,25,23,18,24,24,22,21,19,24,4,21,3,24,24,25,17
1328,25,23,18,24,23,22,22,19,24,3,21,2,24,25,25,17
1329,25,23,18,24,22,22,22,19,24,2,21,1,24,25,25,17
1330,25,23,18,24,21,22,22,19,24,1,21,1,24,25,25,17
1331,25,23,18,24,20,22,23,19,24,1,21,1,24,24,25,17
1332,25,23,18,24,19,22,24,19,24,1,21,2,24,23,25,17
1333,25,23,18,24,18,22,24,19,24,2,21,3,24,22,25,17
1334,25,23,18,24,17,22,24,19,24,3,21,4,24,21,25,17
1335,25,23,18,24,16,22,23,19,24,4,21,5,24,20,25,17
1336,25,23,18,24,15,22,22,19,24,4,21,6,24,19,25,17
1337,25,23,18,24,14,22,21,19,24,4,21,7,24,18,25,17
1338,25,23,18,24,13,22,20,19,24,5,21,7,24,17,25,17
1339,25,23,18,24,12,22,19,19,24,6,21,7,24,16,25,17
1340,25,23,18,24,11,22,18,19,24,7,21,8,24,15,25,17
1341,25,23,18,24,10,22,17,19,24,7,21,8,24,14,25,17
1342,25,23,18,24,9,22,16,19,24,7,21,8,24,13,25,17
1343,25,23,18,24,8,22,15,19,24,8,21,9,24,12,25,17
1344,25,23,18,24,7,22,14,19,24,9,21,10,24,11,25,17
1345,25,23,18,24,6,22,13,19,24,10,21,10,24,10,25,17
1346,25,23,18,24,5,22,12,19,24,10,21,10,24,9,25,17
1347,25,23,18,24,4,22,11,19,24,10,21,11,24,8,25,17
1348,25,23,18,24,3,22,10,19,24,11,21,12,24,7,25,17
1349,25,23,18,24,2,22,9,19,24,12,21,13,24,6,25,17
1350,25,23,18,24,1,22,8,19,24,12,21,13,24,5,25,17
1351,25,23,18,24,1,22,7,19,24,12,21,13,24,4,25,17
1352,25,23,18,24,1,22,6,19,24,13,21,14,24,3,25,17
1353,25,23,18,24,2,22,5,19,24,14,21,14,24,2,25,17
1354,25,23,18,24,3,22,4,19,24,14,21,14,24,1,25,17
1355,25,23,18,24,4,22,3,19,24,14,21,15,24,1,25,17
1356,25,23,18,24,5,22,2,19,24,15,21,16,24,1,25,17
1357,25,23,18,24,6,22,1,19,24,16,21,17,24,2,25,17
1358,25,23,18,24,7,22,1,19,24,17,21,17,24,3,25,17
1359,25,23,18,24,7,22,1,19,24,18,21,17,24,3,25,17
1360,25,23,18,24,7,22,2,19,24,18,21,18,24,3,25,17
1361,25,23,18,24,8,22,3,19,24,18,21,19,24,4,25,17
1362,25,23,18,24,8,22,4,19,24,19,21,19,24,5,25,17
1363,25,23,18,24,8,22,4,19,24,20,21,19,24,6,25,17
1364,25,23,18,24,9,22,4,19,24,21,21,20,24,6,25,17
1365,25,23,18,24,10,22,5,19,24,21,21,20,24,6,25,17
1366,25,23,18,24,11,22,6,19,24,21,21,20,24,7,25,17
1367,25,23,18,24,11,22,7,19,24,22,21,21,24,7,25,17
1368,25,23,18,24,11,22,8,19,24,23,21,22,24,7,25,17
1369,25,23,18,24,12,22,9,19,24,23,21,22,24,8,25,17
1370,25,23,18,24,12,22,9,19,24,23,21,22,24,9,25,17
1371,25,23,18,24,12,22,9,19,24,22,21,21,24,10,25,17
1372,25,23,18,24,13,22,10,19,24,21,21,20,24,11,25,17
1373,25,23,18,24,13,22,11,19,24,20,21,19,24,12,25,17
1374,25,23,18,24,13,22,12,19,24,19,21,18,24,13,25,17
1375,25,23,18,24,14,22,13,19,24,18,21,17,24,13,25,17
1376,25,23,18,24,15,22,14,19,24,17,21,16,24,13,25,17
1377,25,23,18,24,16,22,15,19,24,16,21,15,24,14,25,17
1378,25,23,18,24,17,22,16,19,24,15,21,14,24,14,25,17
1379,25,23,18,24,17,22,17,19,24,14,21,13,24,14,25,17
1380,25,23,18,24,17,22,18,19,24,13,21,12,24,15,25,17
1381,25,23,18,24,18,22,19,19,24,12,21,11,24,16,25,17
1382,25,23,18,24,19,22,20,19,24,11,21,10,24,16,25,17
1383,25,23,18,24,20,22,21,19,24,10,21,9,24,16,25,17
1384,25,23,18,24,21,22,22,19,24,9,21,8,24,17,25,17
1385,25,23,18,24,22,22,22,19,24,8,21,7,24,18,25,17
1386,25,23,18,24,23,22,22,19,24,7,21,6,24,19,25,17
1387,25,23,18,24,24,22,22,19,24,6,21,5,24,20,25,17
1388,25,23,18,24,25,22,22,19,24,5,21,4,24,21,25,17
1389,25,23,18,24,25,22,22,19,24,4,21,3,24,22,25,17
1390,25,23,18,24,25,22,22,19,24,3,21,2,24,23,25,17
1391,25,23,18,24,25,22,22,19,24,2,21,1,24,23,25,17
1392,25,23,18,24,25,22,22,19,24,1,21,1,24,23,25,17
1393,25,23,18,24,25,22,22,19,24,1,21,1,24,24,25,17
1394,25,23,18,24,25,22,22,19,24,1,21,2,24,25,25,17
1395,25,23,18,24,25,22,22,19,24,2,21,3,24,25,25,17
1396,25,23,18,24,25,22,22,19,24,2,21,4,24,25,25,17
1397,25,23,18,24,25,22,22,19,24,2,21,5,24,25,25,17
1398,25,23,18,24,25,22,22,19,24,3,21,6,24,25,25,17
1399,25,23,18,24,25,22,22,19,24,3,21,7,24,25,25,17
1400,25,23,18,24,25,22,22,19,24,3,21,8,24,25,25,17
1401,25,23,18,24,25,22,22,19,24,4,21,8,24,25,25,17
1402,25,23,18,24,25,22,22,19,24,4,21,8,24,25,25,17
1403,25,23,18,24,25,22,22,19,24,4,21,9,24,25,25,17
1404,25,23,18,24,25,22,22,19,24,5,21,10,24,25,25,17
1405,25,23,18,24,25,22,22,19,24,6,21,11,24,25,25,17
1406,25,23,18,24,25,22,22,19,24,7,21,12,24,25,25,17
1407,25,23,18,24,25,22,22,19,24,7,21,13,24,25,25,17
1408,25,23,18,24,25,22,22,19,24,7,21,13,24,25,25,17
1409,25,23,18,24,25,22,22,19,24,8,21,13,24,25,25,17
1410,25,23,18,24,25,22,22,19,24,9,21,14,24,25,25,17
1411,25,23,18,24,25,22,22,19,24,10,21,15,24,25,25,17
1412,25,23,18,24,25,22,22,19,24,10,21,16,24,25,25,17
1413,25,23,18,24,25,22,22,19,24,10,21,17,24,25,25,17
1414,25,23,18,24,25,22,22,19,24,11,21,17,24,25,25,17
1415,25,23,18,24,25,22,22,19,24,12,21,17,24,25,25,17
1416,25,23,18,24,25,22,22,19,24,13,21,18,24,25,25,17
1417,25,23,18,24,25,22,22,19,24,13,21,19,24,25,25,17
1418,25,23,18,24,25,22,22,19,24,13,21,20,24,25,25,17
1419,25,23,18,24,25,22,22,19,24,14,21,20,24,25,25,17
1420,25,23,18,24,25,22,22,19,24,15,21,20,24,25,25,17
1421,25,23,18,24,25,22,22,19,24,16,21,20,24,25,25,17
1422,25,23,18,24,25,22,22,19,24,16,21,20,24,25,25,17
1423,25,23,18,24,25,22,22,19,24,16,21,20,24,25,25,17
1424,25,23,18,24,25,22,22,19,24,17,21,20,24,25,25,17
1425,25,23,18,24,25,22,22,19,24,18,21,20,24,25,25,17
1426,25,23,18,24,25,22,22,19,24,19,21,20,24,25,25,17
1427,25,23,18,24,25,22,22,19,24,20,21,20,24,25,25,17
1428,25,23,18,24,25,22,22,19,24,21,21,20,24,25,25,17
1429,25,23,18,24,25,22,22,19,24,22,21,20,24,25,25,17
1430,25,23,18,24,25,22,22,19,24,22,21,20,24,25,25,17
1431,25,23,18,24,25,22,22,19,24,22,21,20,24,25,25,17
1432,25,23,18,24,25,22,22,19,24,23,21,20,24,25,25,17
1433,25,23,18,24,25,22,22,19,24,23,21,20,24,25,25,17
1434,25,23,18,24,25,22,22,19,24,23,21,20,24,25,25,17
1435,25,23,18,24,25,22,22,19,24,22,21,20,24,25,25,17
1436,25,23,18,24,25,22,22,19,24,21,21,20,24,25,25,17
1437,25,23,18,24,25,22,22,19,24,20,21,20,24,25,25,17
1438,25,23,18,24,25,22,22,19,24,19,21,20,24,25,25,17
1439,25,23,18,24,25,22,22,19,24,18,21,20,24,25,25,17
1440,25,23,18,24,25,22,22,19,24,17,21,20,24,25,25,17
1441,25,23,18,24,25,22,22,19,24,16,21,20,24,25,25,17
1442,25,23,18,24,25,22,22,19,24,15,21,20,24,25,25,17
1443,25,23,18,24,25,22,22,19,24,14,21,20,24,25,25,17
1444,25,23,18,24,25,22,22,19,24,13,21,20,24,25,25,17
1445,25,23,18,24,25,22,22,19,24,12,21,20,24,25,25,17
1446,25,23,18,24,25,22,22,19,24,11,21,20,24,25,25,17
1447,25,23,18,24,25,22,22,19,24,10,21,20,24,25,25,17
1448,25,23,18,24,25,22,22,19,24,9,21,20,24,25,25,17
1449,25,23,18,24,25,22,22,19,24,8,21,20,24,25,25,17
1450,25,23,18,24,25,22,22,19,24,7,21,20,24,25,25,17
1451,25,23,18,24,25,22,22,19,24,6,21,20,24,25,25,17
1452,25,23,18,24,25,22,22,19,24,5,21,20,24,25,25,17
1453,25,23,18,24,25,22,22,19,24,4,21,20,24,25,25,17
1454,25,23,18,24,25,22,22,19,24,3,21,20,24,25,25,17
1455,25,23,18,24,25,22,22,19,24,2,21,20,24,25,25,17
1456,25,23,18,24,25,22,22,19,24,1,21,20,24,25,25,17
1457,25,23,18,24,25,22,22,19,24,1,21,20,24,25,25,17
1458,25,23,18,24,25,22,22,19,24,1,21,20,24,25,25,17
1459,25,23,18,24,25,22,22,19,24,2,21,20,24,25,25,17
1460,25,23,18,24,25,22,22,19,24,3,21,20,24,25,25,17
1461,25,23,18,24,25,22,22,19,24,4,21,20,24,25,25,17
1462,25,23,18,24,25,22,22,19,24,5,21,20,24,25,25,17
1463,25,23,18,24,25,22,22,19,24,6,21,20,24,25,25,17
1464,25,23,18,24,25,22,22,19,24,6,21,20,24,25,25,17
1465,25,23,18,24,25,22,22,19,24,6,21,20,24,25,25,17
1466,25,23,18,24,25,22,22,19,24,7,21,20,24,25,25,17
1467,25,23,18,24,25,22,22,19,24,8,21,20,24,25,25,17
1468,25,23,18,24,25,22,22,19,24,9,21,20,24,25,25,17
1469,25,23,18,24,25,22,22,19,24,9,21,20,24,25,25,17
1470,25,23,18,24,25,22,22,19,24,9,21,20,24,25,25,17
1471,25,23,18,24,25,22,22,19,24,10,21,20,24,25,25,17
1472,25,23,18,24,25,22,22,19,24,11,21,20,24,25,25,17
1473,25,23,18,24,25,22,22,19,24,12,21,20,24,25,25,17
1474,25,23,18,24,25,22,22,19,24,13,21,20,24,25,25,17
1475,25,23,18,24,25,22,22,19,24,14,21,20,24,25,25,17
1476,25,23,18,24,25,22,22,19,24,15,21,20,24,25,25,17
1477,25,23,18,24,25,22,22,19,24,15,21,20,24,25,25,17
1478,25,23,18,24,25,22,22,19,24,15,21,20,24,25,25,17
1479,25,23,18,24,25,22,22,19,24,16,21,20,24,25,25,17
1480,25,23,18,24,25,22,22,19,24,17,21,20,24,25,25,17
1481,25,23,18,24,25,22,22,19,24,17,21,20,24,25,25,17
1482,25,23,18,24,25,22,22,19,24,17,21,20,24,25,25,17
1483,25,23,18,24,25,22,22,19,24,18,21,20,24,25,25,17
1484,25,23,18,24,25,22,22,19,24,19,21,20,24,25,25,17
1485,25,23,18,24,25,22,22,19,24,19,21,20,24,25,25,17
1486,25,23,18,24,25,22,22,19,24,19,21,20,24,25,25,17
1487,25,23,18,24,25,22,22,19,24,20,21,20,24,25,25,17
1488,25,23,18,24,25,22,22,19,24,21,21,20,24,25,25,17
1489,25,23,18,24,25,22,22,19,24,22,21,20,24,25,25,17
1490,25,23,18,24,25,22,22,19,24,22,21,20,24,25,25,17
1491,25,23,18,24,25,22,22,19,24,22,21,20,24,25,25,17
1492,25,23,18,24,25,22,22,19,24,23,21,20,24,25,25,17
1493,25,23,18,24,25,22,22,19,24,24,21,20,24,25,25,17
1494,25,23,18,24,25,22,22,19,24,25,21,20,24,25,25,17
1495,25,23,18,24,25,22,22,19,24,25,21,20,24,25,25,17
