time,id,source,dest
0,passenger1,1,16
0,passenger2,1,6
0,passenger3,1,8
0,passenger4,1,7
1,passenger5,1,10
1,passenger6,1,17
1,passenger7,1,11
1,passenger8,1,9
2,passenger9,1,14
2,passenger10,1,16
2,passenger11,1,2
2,passenger12,1,23
2,passenger13,1,23
3,passenger14,1,16
4,passenger15,1,15
4,passenger16,1,18
4,passenger17,1,12
4,passenger18,1,10
4,passenger19,1,10
4,passenger20,1,5
4,passenger21,1,22
5,passenger22,1,9
6,passenger23,1,8
6,passenger24,1,25
6,passenger25,1,14
6,passenger26,1,16
7,passenger27,1,7
7,passenger28,1,8
8,passenger29,1,19
8,passenger30,1,12
9,passenger31,1,5
9,passenger32,1,22
9,passenger33,1,11
9,passenger34,1,18
9,passenger35,1,10
10,passenger36,1,15
10,passenger37,1,20
10,passenger38,1,23
10,passenger39,1,6
11,passenger40,1,18
12,passenger41,1,23
12,passenger42,1,17
12,passenger43,1,5
12,passenger44,1,6
12,passenger45,1,6
12,passenger46,1,4
13,passenger47,1,20
13,passenger48,1,25
14,passenger49,1,14
14,passenger50,1,16
14,passenger51,1,20
14,passenger52,1,11
14,passenger53,1,13
16,passenger54,1,16
16,passenger55,1,9
17,passenger56,1,3
17,passenger57,1,15
18,passenger58,1,21
18,passenger59,1,3
18,passenger60,1,7
19,passenger61,1,8
19,passenger62,1,21
19,passenger63,1,14
19,passenger64,1,14
21,passenger65,1,17
21,passenger66,1,8
22,passenger67,1,19
22,passenger68,1,2
23,passenger69,1,4
23,passenger70,1,21
23,passenger71,1,17
24,passenger72,1,6
24,passenger73,1,12
25,passenger74,1,3
25,passenger75,1,18
25,passenger76,1,20
25,passenger77,1,8
26,passenger78,1,10
26,passenger79,1,7
26,passenger80,1,11
26,passenger81,1,8
26,passenger82,1,7
27,passenger83,1,12
27,passenger84,1,22
27,passenger85,1,20
28,passenger86,1,9
28,passenger87,1,24
28,passenger88,1,7
28,passenger89,1,23
29,passenger90,1,9
29,passenger91,1,14
29,passenger92,1,6
29,passenger93,1,20
30,passenger94,1,9
31,passenger95,1,22
31,passenger96,1,3
32,passenger97,1,14
32,passenger98,1,5
33,passenger99,1,23
33,passenger100,1,12
33,passenger101,1,18
33,passenger102,1,23
34,passenger103,1,14
34,passenger104,1,3
34,passenger105,1,7
35,passenger106,1,7
35,passenger107,1,23
35,passenger108,1,23
35,passenger109,1,13
35,passenger110,1,23
36,passenger111,1,7
36,passenger112,1,18
36,passenger113,1,11
37,passenger114,1,7
37,passenger115,1,8
37,passenger116,1,12
37,passenger117,1,10
38,passenger118,1,7
38,passenger119,1,10
38,passenger120,1,5
38,passenger121,1,25
38,passenger122,1,11
39,passenger123,1,4
39,passenger124,1,15
40,passenger125,1,23
40,passenger126,1,10
40,passenger127,1,22
40,passenger128,1,16
41,passenger129,1,19
41,passenger130,1,9
41,passenger131,1,2
42,passenger132,1,10
42,passenger133,1,24
43,passenger134,1,20
43,passenger135,1,20
43,passenger136,1,23
43,passenger137,1,10
43,passenger138,1,9
43,passenger139,1,24
43,passenger140,1,15
44,passenger141,1,9
44,passenger142,1,8
44,passenger143,1,23
45,passenger144,1,3
45,passenger145,1,3
45,passenger146,1,19
46,passenger147,1,2
46,passenger148,1,6
47,passenger149,1,25
47,passenger150,1,12
47,passenger151,1,19
48,passenger152,1,13
48,passenger153,1,4
48,passenger154,1,6
48,passenger155,1,20
50,passenger156,1,4
51,passenger157,1,16
51,passenger158,1,10
52,passenger159,1,10
52,passenger160,1,24
52,passenger161,1,16
52,passenger162,1,16
53,passenger163,1,10
53,passenger164,1,11
54,passenger165,1,18
54,passenger166,1,2
54,passenger167,1,7
54,passenger168,1,16
55,passenger169,1,16
55,passenger170,1,4
55,passenger171,1,20
56,passenger172,1,15
56,passenger173,1,7
57,passenger174,1,20
57,passenger175,1,25
57,passenger176,1,12
58,passenger177,1,8
58,passenger178,1,9
58,passenger179,1,16
58,passenger180,1,3
59,passenger181,1,13
59,passenger182,1,2
59,passenger183,1,2
60,passenger184,1,12
60,passenger185,1,19
60,passenger186,1,23
60,passenger187,1,4
60,passenger188,1,7
61,passenger189,1,12
61,passenger190,1,15
61,passenger191,1,25
61,passenger192,1,18
62,passenger193,1,14
62,passenger194,1,3
62,passenger195,1,3
63,passenger196,1,5
64,passenger197,1,17
64,passenger198,1,9
65,passenger199,1,7
65,passenger200,1,18
66,passenger201,1,21
67,passenger202,1,12
68,passenger203,1,23
69,passenger204,1,19
70,passenger205,1,19
70,passenger206,1,22
70,passenger207,1,6
71,passenger208,1,20
71,passenger209,1,24
72,passenger210,1,25
73,passenger211,1,15
73,passenger212,1,20
73,passenger213,1,23
74,passenger214,1,22
74,passenger215,1,23
75,passenger216,1,21
76,passenger217,1,11
76,passenger218,1,19
76,passenger219,1,11
76,passenger220,1,21
76,passenger221,1,21
76,passenger222,1,24
77,passenger223,1,16
77,passenger224,1,13
77,passenger225,1,5
78,passenger226,1,17
78,passenger227,1,15
78,passenger228,1,14
78,passenger229,1,18
78,passenger230,1,22
79,passenger231,1,5
79,passenger232,1,12
80,passenger233,1,19
80,passenger234,1,21
81,passenger235,1,20
81,passenger236,1,21
81,passenger237,1,22
82,passenger238,1,25
82,passenger239,1,16
82,passenger240,1,7
82,passenger241,1,15
82,passenger242,1,19
82,passenger243,1,4
83,passenger244,1,20
83,passenger245,1,15
83,passenger246,1,24
83,passenger247,1,7
83,passenger248,1,23
84,passenger249,1,12
84,passenger250,1,15
84,passenger251,1,17
85,passenger252,1,15
85,passenger253,1,23
86,passenger254,1,6
86,passenger255,1,19
86,passenger256,1,25
86,passenger257,1,7
86,passenger258,1,8
87,passenger259,1,13
87,passenger260,1,19
87,passenger261,1,25
87,passenger262,1,21
88,passenger263,1,21
88,passenger264,1,12
88,passenger265,1,17
89,passenger266,1,7
89,passenger267,1,13
89,passenger268,1,6
89,passenger269,1,2
89,passenger270,1,22
90,passenger271,1,21
90,passenger272,1,14
91,passenger273,1,2
91,passenger274,1,4
92,passenger275,1,4
92,passenger276,1,19
92,passenger277,1,6
92,passenger278,1,8
92,passenger279,1,22
93,passenger280,1,23
93,passenger281,1,20
94,passenger282,1,9
94,passenger283,1,15
94,passenger284,1,6
95,passenger285,1,22
95,passenger286,1,4
95,passenger287,1,19
95,passenger288,1,14
95,passenger289,1,20
95,passenger290,1,12
95,passenger291,1,5
96,passenger292,1,20
96,passenger293,1,17
96,passenger294,1,13
96,passenger295,1,10
97,passenger296,1,10
97,passenger297,1,13
98,passenger298,1,8
98,passenger299,1,8
98,passenger300,1,8
98,passenger301,1,2
99,passenger302,1,24
99,passenger303,1,7
99,passenger304,1,5
100,passenger305,1,5
100,passenger306,1,25
100,passenger307,1,13
100,passenger308,1,9
101,passenger309,1,11
101,passenger310,1,4
101,passenger311,1,9
102,passenger312,1,7
103,passenger313,1,21
104,passenger314,1,3
104,passenger315,1,12
104,passenger316,1,20
104,passenger317,1,22
106,passenger318,1,14
107,passenger319,1,7
107,passenger320,1,10
107,passenger321,1,7
108,passenger322,1,17
108,passenger323,1,9
108,passenger324,1,17
108,passenger325,1,17
108,passenger326,1,24
109,passenger327,1,10
110,passenger328,1,25
110,passenger329,1,11
110,passenger330,1,18
110,passenger331,1,17
111,passenger332,1,21
111,passenger333,1,13
112,passenger334,1,21
112,passenger335,1,10
112,passenger336,1,13
113,passenger337,1,13
114,passenger338,1,18
114,passenger339,1,16
114,passenger340,1,3
115,passenger341,1,21
115,passenger342,1,20
115,passenger343,1,4
115,passenger344,1,25
116,passenger345,1,17
116,passenger346,1,4
116,passenger347,1,13
117,passenger348,1,22
117,passenger349,1,8
117,passenger350,1,24
117,passenger351,1,12
118,passenger352,1,7
118,passenger353,1,10
118,passenger354,1,14
119,passenger355,1,18
120,passenger356,1,24
120,passenger357,1,6
120,passenger358,1,25
120,passenger359,1,14
121,passenger360,1,5
121,passenger361,1,24
121,passenger362,1,10
123,passenger363,1,16
123,passenger364,1,18
124,passenger365,1,2
124,passenger366,1,7
124,passenger367,1,18
124,passenger368,1,9
124,passenger369,1,2
125,passenger370,1,2
125,passenger371,1,21
125,passenger372,1,5
125,passenger373,1,4
126,passenger374,1,15
126,passenger375,1,4
126,passenger376,1,17
126,passenger377,1,15
126,passenger378,1,17
126,passenger379,1,13
126,passenger380,1,20
127,passenger381,1,17
127,passenger382,1,11
128,passenger383,1,2
128,passenger384,1,8
129,passenger385,1,5
129,passenger386,1,2
130,passenger387,1,8
130,passenger388,1,6
131,passenger389,1,3
131,passenger390,1,9
131,passenger391,1,14
132,passenger392,1,6
132,passenger393,1,8
133,passenger394,1,2
133,passenger395,1,3
133,passenger396,1,5
133,passenger397,1,12
133,passenger398,1,17
133,passenger399,1,20
134,passenger400,1,17
135,passenger401,1,16
135,passenger402,1,24
136,passenger403,1,8
136,passenger404,1,21
136,passenger405,1,24
136,passenger406,1,15
136,passenger407,1,22
136,passenger408,1,5
137,passenger409,1,23
137,passenger410,1,15
138,passenger411,1,7
138,passenger412,1,3
138,passenger413,1,19
139,passenger414,1,12
139,passenger415,1,9
140,passenger416,1,11
140,passenger417,1,25
141,passenger418,1,12
141,passenger419,1,3
142,passenger420,1,8
142,passenger421,1,5
142,passenger422,1,18
142,passenger423,1,21
142,passenger424,1,22
143,passenger425,1,17
144,passenger426,1,20
144,passenger427,1,12
144,passenger428,1,17
144,passenger429,1,4
144,passenger430,1,14
145,passenger431,1,15
145,passenger432,1,2
145,passenger433,1,15
145,passenger434,1,19
145,passenger435,1,10
146,passenger436,1,15
146,passenger437,1,8
147,passenger438,1,8
147,passenger439,1,5
147,passenger440,1,9
148,passenger441,1,21
149,passenger442,1,24
149,passenger443,1,17
149,passenger444,1,16
149,passenger445,1,16
150,passenger446,1,13
150,passenger447,1,12
150,passenger448,1,16
150,passenger449,1,20
150,passenger450,1,11
151,passenger451,1,15
151,passenger452,1,13
151,passenger453,1,8
151,passenger454,1,8
151,passenger455,1,3
151,passenger456,1,12
152,passenger457,1,19
152,passenger458,1,18
152,passenger459,1,25
152,passenger460,1,2
152,passenger461,1,20
152,passenger462,1,21
153,passenger463,1,12
153,passenger464,1,8
153,passenger465,1,10
155,passenger466,1,18
155,passenger467,1,22
155,passenger468,1,17
155,passenger469,1,14
155,passenger470,1,17
155,passenger471,1,3
155,passenger472,1,16
156,passenger473,1,3
156,passenger474,1,25
156,passenger475,1,23
156,passenger476,1,14
157,passenger477,1,10
158,passenger478,1,19
158,passenger479,1,17
158,passenger480,1,18
159,passenger481,1,14
159,passenger482,1,7
159,passenger483,1,3
160,passenger484,1,8
160,passenger485,1,14
160,passenger486,1,12
161,passenger487,1,14
161,passenger488,1,8
162,passenger489,1,24
162,passenger490,1,10
162,passenger491,1,22
162,passenger492,1,11
163,passenger493,1,12
163,passenger494,1,16
163,passenger495,1,8
163,passenger496,1,7
164,passenger497,1,11
164,passenger498,1,21
165,passenger499,1,5
166,passenger500,1,12
166,passenger501,1,18
166,passenger502,1,18
166,passenger503,1,12
166,passenger504,1,3
167,passenger505,1,2
167,passenger506,1,13
167,passenger507,1,21
167,passenger508,1,2
167,passenger509,1,23
167,passenger510,1,18
168,passenger511,1,2
169,passenger512,1,10
171,passenger513,1,7
171,passenger514,1,24
171,passenger515,1,15
172,passenger516,1,9
172,passenger517,1,8
172,passenger518,1,15
172,passenger519,1,2
172,passenger520,1,8
173,passenger521,1,5
173,passenger522,1,16
173,passenger523,1,18
173,passenger524,1,13
173,passenger525,1,5
174,passenger526,1,10
174,passenger527,1,22
175,passenger528,1,6
175,passenger529,1,5
176,passenger530,1,4
176,passenger531,1,21
176,passenger532,1,4
176,passenger533,1,15
176,passenger534,1,25
176,passenger535,1,17
177,passenger536,1,11
177,passenger537,1,6
177,passenger538,1,2
177,passenger539,1,5
177,passenger540,1,24
178,passenger541,1,5
178,passenger542,1,2
178,passenger543,1,21
178,passenger544,1,12
179,passenger545,1,10
179,passenger546,1,19
180,passenger547,1,14
181,passenger548,1,23
181,passenger549,1,13
181,passenger550,1,19
182,passenger551,1,23
183,passenger552,1,13
184,passenger553,1,8
184,passenger554,1,25
185,passenger555,1,7
186,passenger556,1,2
186,passenger557,1,15
187,passenger558,1,25
187,passenger559,1,4
187,passenger560,1,22
188,passenger561,1,21
188,passenger562,1,24
188,passenger563,1,12
188,passenger564,1,8
189,passenger565,1,14
189,passenger566,1,5
189,passenger567,1,22
190,passenger568,1,17
191,passenger569,1,13
191,passenger570,1,14
193,passenger571,1,19
193,passenger572,1,14
194,passenger573,1,22
195,passenger574,1,24
195,passenger575,1,24
196,passenger576,1,16
196,passenger577,1,19
196,passenger578,1,9
197,passenger579,1,2
197,passenger580,1,11
197,passenger581,1,22
197,passenger582,1,5
197,passenger583,1,15
198,passenger584,1,6
198,passenger585,1,12
198,passenger586,1,5
198,passenger587,1,19
198,passenger588,1,21
198,passenger589,1,20
199,passenger590,1,18
199,passenger591,1,7
199,passenger592,1,14
200,passenger593,1,4
202,passenger594,1,10
203,passenger595,1,14
203,passenger596,1,18
203,passenger597,1,4
203,passenger598,1,21
204,passenger599,1,13
204,passenger600,1,23
204,passenger601,1,14
205,passenger602,1,15
205,passenger603,1,18
205,passenger604,1,21
205,passenger605,1,5
207,passenger606,1,14
207,passenger607,1,2
207,passenger608,1,13
207,passenger609,1,21
207,passenger610,1,22
208,passenger611,1,8
208,passenger612,1,11
209,passenger613,1,15
209,passenger614,1,11
209,passenger615,1,6
209,passenger616,1,9
210,passenger617,1,11
210,passenger618,1,14
210,passenger619,1,24
211,passenger620,1,15
211,passenger621,1,11
211,passenger622,1,17
211,passenger623,1,20
211,passenger624,1,12
212,passenger625,1,13
212,passenger626,1,7
212,passenger627,1,22
212,passenger628,1,22
213,passenger629,1,6
213,passenger630,1,10
213,passenger631,1,8
214,passenger632,1,24
214,passenger633,1,3
214,passenger634,1,6
215,passenger635,1,9
215,passenger636,1,15
216,passenger637,1,7
216,passenger638,1,14
216,passenger639,1,19
216,passenger640,1,21
216,passenger641,1,4
216,passenger642,1,5
217,passenger643,1,4
217,passenger644,1,23
217,passenger645,1,17
217,passenger646,1,14
217,passenger647,1,20
218,passenger648,1,16
218,passenger649,1,7
218,passenger650,1,14
218,passenger651,1,18
219,passenger652,1,2
220,passenger653,1,16
220,passenger654,1,13
220,passenger655,1,3
220,passenger656,1,8
220,passenger657,1,12
221,passenger658,1,10
221,passenger659,1,8
221,passenger660,1,17
221,passenger661,1,11
221,passenger662,1,13
222,passenger663,1,21
222,passenger664,1,4
223,passenger665,1,10
224,passenger666,1,3
224,passenger667,1,24
224,passenger668,1,6
224,passenger669,1,21
225,passenger670,1,6
225,passenger671,1,9
225,passenger672,1,16
226,passenger673,1,21
226,passenger674,1,6
227,passenger675,1,7
228,passenger676,1,23
228,passenger677,1,9
228,passenger678,1,7
228,passenger679,1,19
229,passenger680,1,4
229,passenger681,1,22
229,passenger682,1,23
229,passenger683,1,22
230,passenger684,1,9
230,passenger685,1,4
230,passenger686,1,12
230,passenger687,1,10
231,passenger688,1,25
231,passenger689,1,17
232,passenger690,1,24
232,passenger691,1,20
232,passenger692,1,19
233,passenger693,1,4
234,passenger694,1,3
234,passenger695,1,3
234,passenger696,1,16
234,passenger697,1,6
235,passenger698,1,25
235,passenger699,1,5
235,passenger700,1,24
236,passenger701,1,18
236,passenger702,1,4
236,passenger703,1,3
237,passenger704,1,11
237,passenger705,1,10
238,passenger706,1,9
238,passenger707,1,14
239,passenger708,1,5
239,passenger709,1,5
239,passenger710,1,18
239,passenger711,1,25
239,passenger712,1,8
240,passenger713,1,24
241,passenger714,1,10
241,passenger715,1,10
241,passenger716,1,4
241,passenger717,1,12
241,passenger718,1,13
241,passenger719,1,17
242,passenger720,1,5
242,passenger721,1,6
243,passenger722,1,12
243,passenger723,1,3
243,passenger724,1,5
243,passenger725,1,17
244,passenger726,1,24
244,passenger727,1,15
245,passenger728,1,5
245,passenger729,1,25
246,passenger730,1,14
246,passenger731,1,19
246,passenger732,1,6
246,passenger733,1,15
247,passenger734,1,3
247,passenger735,1,17
247,passenger736,1,6
247,passenger737,1,23
248,passenger738,1,3
248,passenger739,1,17
249,passenger740,1,5
249,passenger741,1,18
249,passenger742,1,13
249,passenger743,1,25
249,passenger744,1,17
250,passenger745,1,10
250,passenger746,1,4
250,passenger747,1,16
251,passenger748,1,12
251,passenger749,1,3
252,passenger750,1,15
252,passenger751,1,7
253,passenger752,1,7
253,passenger753,1,2
253,passenger754,1,10
253,passenger755,1,7
253,passenger756,1,3
254,passenger757,1,12
254,passenger758,1,7
254,passenger759,1,5
254,passenger760,1,13
254,passenger761,1,3
255,passenger762,1,25
255,passenger763,1,13
256,passenger764,1,25
256,passenger765,1,23
256,passenger766,1,25
256,passenger767,1,15
256,passenger768,1,12
256,passenger769,1,19
257,passenger770,1,3
257,passenger771,1,22
257,passenger772,1,9
257,passenger773,1,2
257,passenger774,1,7
258,passenger775,1,7
258,passenger776,1,2
258,passenger777,1,18
258,passenger778,1,4
259,passenger779,1,22
259,passenger780,1,12
260,passenger781,1,19
260,passenger782,1,10
261,passenger783,1,5
262,passenger784,1,6
262,passenger785,1,17
262,passenger786,1,19
263,passenger787,1,8
263,passenger788,1,10
264,passenger789,1,24
265,passenger790,1,22
265,passenger791,1,11
265,passenger792,1,7
266,passenger793,1,9
266,passenger794,1,14
266,passenger795,1,15
266,passenger796,1,6
266,passenger797,1,3
267,passenger798,1,13
267,passenger799,1,21
267,passenger800,1,5
267,passenger801,1,11
268,passenger802,1,5
268,passenger803,1,7
268,passenger804,1,16
268,passenger805,1,8
268,passenger806,1,8
268,passenger807,1,25
269,passenger808,1,6
269,passenger809,1,6
269,passenger810,1,24
269,passenger811,1,15
270,passenger812,1,3
270,passenger813,1,12
270,passenger814,1,15
270,passenger815,1,8
270,passenger816,1,15
270,passenger817,1,17
270,passenger818,1,8
270,passenger819,1,21
270,passenger820,1,12
271,passenger821,1,25
271,passenger822,1,4
272,passenger823,1,9
272,passenger824,1,19
272,passenger825,1,23
273,passenger826,1,7
273,passenger827,1,25
274,passenger828,1,6
274,passenger829,1,11
274,passenger830,1,9
275,passenger831,1,12
275,passenger832,1,23
276,passenger833,1,19
276,passenger834,1,21
277,passenger835,1,8
277,passenger836,1,24
277,passenger837,1,12
277,passenger838,1,17
278,passenger839,1,18
278,passenger840,1,17
279,passenger841,1,16
279,passenger842,1,13
279,passenger843,1,17
279,passenger844,1,23
280,passenger845,1,11
280,passenger846,1,14
280,passenger847,1,6
280,passenger848,1,10
280,passenger849,1,20
280,passenger850,1,17
280,passenger851,1,7
281,passenger852,1,15
281,passenger853,1,21
281,passenger854,1,4
282,passenger855,1,3
282,passenger856,1,11
283,passenger857,1,17
283,passenger858,1,9
283,passenger859,1,21
283,passenger860,1,22
283,passenger861,1,14
283,passenger862,1,11
284,passenger863,1,3
284,passenger864,1,21
284,passenger865,1,23
284,passenger866,1,12
285,passenger867,1,14
285,passenger868,1,20
286,passenger869,1,18
287,passenger870,1,5
288,passenger871,1,18
288,passenger872,1,24
289,passenger873,1,20
289,passenger874,1,13
289,passenger875,1,14
290,passenger876,1,8
290,passenger877,1,17
290,passenger878,1,7
290,passenger879,1,10
291,passenger880,1,8
291,passenger881,1,10
291,passenger882,1,10
291,passenger883,1,3
292,passenger884,1,19
292,passenger885,1,12
292,passenger886,1,24
293,passenger887,1,6
293,passenger888,1,18
294,passenger889,1,6
295,passenger890,1,15
295,passenger891,1,13
295,passenger892,1,12
295,passenger893,1,17
296,passenger894,1,21
296,passenger895,1,9
296,passenger896,1,22
296,passenger897,1,6
296,passenger898,1,9
296,passenger899,1,9
297,passenger900,1,24
297,passenger901,1,4
298,passenger902,1,11
298,passenger903,1,12
298,passenger904,1,21
298,passenger905,1,13
298,passenger906,1,25
300,passenger907,1,19
300,passenger908,1,18
300,passenger909,1,20
301,passenger910,1,5
301,passenger911,1,12
301,passenger912,1,16
301,passenger913,1,7
302,passenger914,1,4
302,passenger915,1,5
302,passenger916,1,20
302,passenger917,1,17
304,passenger918,1,8
304,passenger919,1,19
304,passenger920,1,18
305,passenger921,1,21
305,passenger922,1,23
305,passenger923,1,23
305,passenger924,1,6
306,passenger925,1,20
306,passenger926,1,11
307,passenger927,1,11
307,passenger928,1,17
308,passenger929,1,16
308,passenger930,1,12
309,passenger931,1,25
309,passenger932,1,6
310,passenger933,1,4
311,passenger934,1,2
311,passenger935,1,21
311,passenger936,1,11
312,passenger937,1,12
312,passenger938,1,17
312,passenger939,1,12
313,passenger940,1,15
313,passenger941,1,3
314,passenger942,1,5
314,passenger943,1,24
314,passenger944,1,12
314,passenger945,1,6
314,passenger946,1,10
315,passenger947,1,10
315,passenger948,1,8
315,passenger949,1,9
315,passenger950,1,19
315,passenger951,1,4
316,passenger952,1,9
316,passenger953,1,13
316,passenger954,1,14
316,passenger955,1,23
316,passenger956,1,24
317,passenger957,1,9
317,passenger958,1,14
318,passenger959,1,2
319,passenger960,1,16
319,passenger961,1,5
319,passenger962,1,3
319,passenger963,1,18
320,passenger964,1,6
320,passenger965,1,13
320,passenger966,1,4
320,passenger967,1,19
320,passenger968,1,20
321,passenger969,1,15
321,passenger970,1,22
321,passenger971,1,12
321,passenger972,1,6
322,passenger973,1,5
322,passenger974,1,7
323,passenger975,1,6
323,passenger976,1,9
324,passenger977,1,7
324,passenger978,1,16
324,passenger979,1,5
325,passenger980,1,16
325,passenger981,1,10
325,passenger982,1,18
325,passenger983,1,14
326,passenger984,1,23
326,passenger985,1,12
326,passenger986,1,9
326,passenger987,1,16
328,passenger988,1,17
328,passenger989,1,12
329,passenger990,1,15
329,passenger991,1,13
329,passenger992,1,9
329,passenger993,1,9
330,passenger994,1,23
330,passenger995,1,18
330,passenger996,1,4
330,passenger997,1,25
331,passenger998,1,19
332,passenger999,1,3
332,passenger1000,1,19
332,passenger1001,1,16
332,passenger1002,1,23
332,passenger1003,1,13
332,passenger1004,1,14
333,passenger1005,1,9
333,passenger1006,1,9
333,passenger1007,1,16
334,passenger1008,1,21
334,passenger1009,1,23
334,passenger1010,1,20
334,passenger1011,1,16
334,passenger1012,1,14
334,passenger1013,1,10
335,passenger1014,1,20
336,passenger1015,1,9
336,passenger1016,1,8
336,passenger1017,1,22
336,passenger1018,1,16
336,passenger1019,1,10
337,passenger1020,1,22
337,passenger1021,1,25
337,passenger1022,1,9
338,passenger1023,1,14
338,passenger1024,1,13
338,passenger1025,1,18
339,passenger1026,1,24
339,passenger1027,1,15
339,passenger1028,1,21
340,passenger1029,1,16
340,passenger1030,1,23
341,passenger1031,1,11
341,passenger1032,1,11
341,passenger1033,1,12
341,passenger1034,1,25
342,passenger1035,1,16
342,passenger1036,1,5
342,passenger1037,1,2
342,passenger1038,1,14
342,passenger1039,1,21
343,passenger1040,1,13
343,passenger1041,1,15
343,passenger1042,1,21
344,passenger1043,1,14
344,passenger1044,1,23
344,passenger1045,1,17
345,passenger1046,1,19
345,passenger1047,1,20
345,passenger1048,1,17
346,passenger1049,1,3
346,passenger1050,1,12
346,passenger1051,1,5
346,passenger1052,1,14
347,passenger1053,1,5
347,passenger1054,1,14
348,passenger1055,1,10
348,passenger1056,1,2
348,passenger1057,1,4
349,passenger1058,1,14
349,passenger1059,1,3
349,passenger1060,1,22
349,passenger1061,1,20
350,passenger1062,1,19
350,passenger1063,1,6
350,passenger1064,1,21
350,passenger1065,1,17
350,passenger1066,1,11
351,passenger1067,1,2
351,passenger1068,1,14
351,passenger1069,1,21
351,passenger1070,1,2
351,passenger1071,1,3
351,passenger1072,1,11
352,passenger1073,1,14
352,passenger1074,1,13
353,passenger1075,1,12
353,passenger1076,1,8
354,passenger1077,1,3
354,passenger1078,1,2
355,passenger1079,1,4
356,passenger1080,1,18
356,passenger1081,1,20
356,passenger1082,1,12
356,passenger1083,1,3
356,passenger1084,1,11
358,passenger1085,1,25
359,passenger1086,1,7
359,passenger1087,1,13
359,passenger1088,1,14
359,passenger1089,1,9
360,passenger1090,1,12
360,passenger1091,1,13
360,passenger1092,1,13
360,passenger1093,1,19
360,passenger1094,1,15
361,passenger1095,1,3
362,passenger1096,1,2
362,passenger1097,1,11
362,passenger1098,1,23
362,passenger1099,1,2
362,passenger1100,1,3
363,passenger1101,1,18
363,passenger1102,1,12
363,passenger1103,1,7
363,passenger1104,1,6
364,passenger1105,1,17
364,passenger1106,1,14
364,passenger1107,1,17
365,passenger1108,1,8
365,passenger1109,1,14
366,passenger1110,1,22
366,passenger1111,1,9
366,passenger1112,1,11
366,passenger1113,1,5
366,passenger1114,1,17
367,passenger1115,1,2
368,passenger1116,1,7
368,passenger1117,1,19
369,passenger1118,1,2
369,passenger1119,1,25
369,passenger1120,1,11
369,passenger1121,1,11
370,passenger1122,1,14
370,passenger1123,1,17
370,passenger1124,1,13
370,passenger1125,1,23
370,passenger1126,1,25
370,passenger1127,1,6
370,passenger1128,1,18
371,passenger1129,1,9
371,passenger1130,1,25
371,passenger1131,1,8
371,passenger1132,1,9
371,passenger1133,1,19
371,passenger1134,1,20
372,passenger1135,1,5
372,passenger1136,1,15
372,passenger1137,1,10
372,passenger1138,1,16
373,passenger1139,1,15
373,passenger1140,1,25
373,passenger1141,1,24
373,passenger1142,1,17
374,passenger1143,1,18
374,passenger1144,1,23
375,passenger1145,1,6
375,passenger1146,1,19
376,passenger1147,1,20
376,passenger1148,1,5
376,passenger1149,1,23
376,passenger1150,1,18
377,passenger1151,1,10
377,passenger1152,1,13
378,passenger1153,1,13
379,passenger1154,1,24
379,passenger1155,1,25
380,passenger1156,1,21
380,passenger1157,1,17
380,passenger1158,1,4
380,passenger1159,1,23
380,passenger1160,1,5
380,passenger1161,1,6
381,passenger1162,1,3
381,passenger1163,1,24
382,passenger1164,1,13
382,passenger1165,1,7
382,passenger1166,1,3
383,passenger1167,1,11
384,passenger1168,1,19
384,passenger1169,1,25
385,passenger1170,1,15
385,passenger1171,1,16
385,passenger1172,1,22
385,passenger1173,1,23
385,passenger1174,1,8
386,passenger1175,1,25
386,passenger1176,1,14
386,passenger1177,1,24
386,passenger1178,1,4
386,passenger1179,1,4
386,passenger1180,1,23
388,passenger1181,1,18
388,passenger1182,1,6
388,passenger1183,1,23
388,passenger1184,1,4
389,passenger1185,1,18
389,passenger1186,1,6
390,passenger1187,1,3
390,passenger1188,1,21
390,passenger1189,1,22
390,passenger1190,1,4
390,passenger1191,1,4
390,passenger1192,1,16
390,passenger1193,1,2
391,passenger1194,1,19
391,passenger1195,1,23
391,passenger1196,1,20
391,passenger1197,1,7
392,passenger1198,1,6
393,passenger1199,1,18
393,passenger1200,1,3
394,passenger1201,1,14
394,passenger1202,1,12
394,passenger1203,1,19
395,passenger1204,1,6
395,passenger1205,1,20
395,passenger1206,1,18
396,passenger1207,1,7
396,passenger1208,1,10
396,passenger1209,1,3
397,passenger1210,1,12
397,passenger1211,1,8
397,passenger1212,1,4
398,passenger1213,1,15
398,passenger1214,1,15
398,passenger1215,1,4
398,passenger1216,1,6
399,passenger1217,1,3
400,passenger1218,1,18
400,passenger1219,1,10
401,passenger1220,1,3
401,passenger1221,1,6
401,passenger1222,1,25
402,passenger1223,1,8
402,passenger1224,1,18
402,passenger1225,1,13
403,passenger1226,1,6
403,passenger1227,1,9
404,passenger1228,1,2
404,passenger1229,1,19
404,passenger1230,1,10
404,passenger1231,1,13
404,passenger1232,1,5
404,passenger1233,1,21
404,passenger1234,1,7
405,passenger1235,1,15
405,passenger1236,1,22
405,passenger1237,1,19
406,passenger1238,1,16
407,passenger1239,1,23
407,passenger1240,1,6
407,passenger1241,1,25
407,passenger1242,1,15
407,passenger1243,1,11
408,passenger1244,1,8
408,passenger1245,1,19
409,passenger1246,1,25
409,passenger1247,1,18
409,passenger1248,1,2
409,passenger1249,1,13
411,passenger1250,1,19
411,passenger1251,1,11
411,passenger1252,1,20
412,passenger1253,1,18
412,passenger1254,1,3
412,passenger1255,1,15
412,passenger1256,1,6
413,passenger1257,1,13
413,passenger1258,1,11
413,passenger1259,1,21
413,passenger1260,1,22
414,passenger1261,1,13
414,passenger1262,1,14
414,passenger1263,1,17
414,passenger1264,1,17
414,passenger1265,1,17
414,passenger1266,1,20
414,passenger1267,1,25
414,passenger1268,1,21
414,passenger1269,1,5
415,passenger1270,1,13
416,passenger1271,1,13
416,passenger1272,1,14
416,passenger1273,1,14
416,passenger1274,1,19
417,passenger1275,1,12
417,passenger1276,1,8
417,passenger1277,1,12
417,passenger1278,1,22
417,passenger1279,1,9
418,passenger1280,1,2
418,passenger1281,1,25
418,passenger1282,1,6
418,passenger1283,1,16
418,passenger1284,1,21
418,passenger1285,1,8
418,passenger1286,1,10
418,passenger1287,1,8
418,passenger1288,1,5
419,passenger1289,1,5
419,passenger1290,1,6
419,passenger1291,1,12
419,passenger1292,1,14
420,passenger1293,1,2
420,passenger1294,1,22
420,passenger1295,1,18
420,passenger1296,1,3
420,passenger1297,1,22
421,passenger1298,1,2
421,passenger1299,1,15
422,passenger1300,1,13
422,passenger1301,1,14
422,passenger1302,1,24
423,passenger1303,1,24
424,passenger1304,1,8
425,passenger1305,1,15
425,passenger1306,1,25
426,passenger1307,1,19
426,passenger1308,1,23
426,passenger1309,1,12
426,passenger1310,1,8
426,passenger1311,1,14
427,passenger1312,1,21
427,passenger1313,1,24
427,passenger1314,1,18
429,passenger1315,1,18
429,passenger1316,1,14
429,passenger1317,1,9
429,passenger1318,1,12
429,passenger1319,1,13
429,passenger1320,1,21
430,passenger1321,1,15
430,passenger1322,1,21
430,passenger1323,1,2
430,passenger1324,1,20
431,passenger1325,1,14
431,passenger1326,1,25
431,passenger1327,1,13
431,passenger1328,1,13
431,passenger1329,1,5
432,passenger1330,1,21
433,passenger1331,1,18
434,passenger1332,1,22
434,passenger1333,1,4
435,passenger1334,1,7
435,passenger1335,1,23
435,passenger1336,1,3
436,passenger1337,1,14
436,passenger1338,1,11
436,passenger1339,1,24
436,passenger1340,1,22
436,passenger1341,1,23
436,passenger1342,1,8
437,passenger1343,1,16
437,passenger1344,1,18
437,passenger1345,1,25
438,passenger1346,1,2
439,passenger1347,1,25
439,passenger1348,1,10
439,passenger1349,1,5
439,passenger1350,1,16
440,passenger1351,1,20
440,passenger1352,1,5
440,passenger1353,1,2
441,passenger1354,1,23
441,passenger1355,1,24
441,passenger1356,1,5
442,passenger1357,1,23
442,passenger1358,1,23
442,passenger1359,1,25
442,passenger1360,1,7
443,passenger1361,1,15
443,passenger1362,1,25
443,passenger1363,1,23
444,passenger1364,1,16
444,passenger1365,1,6
445,passenger1366,1,4
445,passenger1367,1,8
445,passenger1368,1,3
446,passenger1369,1,6
446,passenger1370,1,3
446,passenger1371,1,20
446,passenger1372,1,16
446,passenger1373,1,14
446,passenger1374,1,21
447,passenger1375,1,11
447,passenger1376,1,11
447,passenger1377,1,6
447,passenger1378,1,12
448,passenger1379,1,6
448,passenger1380,1,16
448,passenger1381,1,25
448,passenger1382,1,14
448,passenger1383,1,9
448,passenger1384,1,18
449,passenger1385,1,21
450,passenger1386,1,13
451,passenger1387,1,8
451,passenger1388,1,19
451,passenger1389,1,6
452,passenger1390,1,25
452,passenger1391,1,9
452,passenger1392,1,10
453,passenger1393,1,19
453,passenger1394,1,2
453,passenger1395,1,6
453,passenger1396,1,5
454,passenger1397,1,11
454,passenger1398,1,15
454,passenger1399,1,6
454,passenger1400,1,10
454,passenger1401,1,20
454,passenger1402,1,24
455,passenger1403,1,2
455,passenger1404,1,17
456,passenger1405,1,2
456,passenger1406,1,14
456,passenger1407,1,23
456,passenger1408,1,21
456,passenger1409,1,7
456,passenger1410,1,8
456,passenger1411,1,20
457,passenger1412,1,21
457,passenger1413,1,8
457,passenger1414,1,2
457,passenger1415,1,12
457,passenger1416,1,16
457,passenger1417,1,12
457,passenger1418,1,24
458,passenger1419,1,21
458,passenger1420,1,20
459,passenger1421,1,2
459,passenger1422,1,22
459,passenger1423,1,20
459,passenger1424,1,11
459,passenger1425,1,16
460,passenger1426,1,21
461,passenger1427,1,23
461,passenger1428,1,15
461,passenger1429,1,2
462,passenger1430,1,16
462,passenger1431,1,18
463,passenger1432,1,3
463,passenger1433,1,21
464,passenger1434,1,6
465,passenger1435,1,23
467,passenger1436,1,15
467,passenger1437,1,9
467,passenger1438,1,3
468,passenger1439,1,2
469,passenger1440,1,19
469,passenger1441,1,11
470,passenger1442,1,22
470,passenger1443,1,7
470,passenger1444,1,24
471,passenger1445,1,24
471,passenger1446,1,4
471,passenger1447,1,17
471,passenger1448,1,24
471,passenger1449,1,9
472,passenger1450,1,3
472,passenger1451,1,23
472,passenger1452,1,13
474,passenger1453,1,2
474,passenger1454,1,22
475,passenger1455,1,18
475,passenger1456,1,3
475,passenger1457,1,8
475,passenger1458,1,2
475,passenger1459,1,24
475,passenger1460,1,2
476,passenger1461,1,21
476,passenger1462,1,14
476,passenger1463,1,15
477,passenger1464,1,21
477,passenger1465,1,23
478,passenger1466,1,5
478,passenger1467,1,2
478,passenger1468,1,4
479,passenger1469,1,18
480,passenger1470,1,15
480,passenger1471,1,4
481,passenger1472,1,7
481,passenger1473,1,14
481,passenger1474,1,19
481,passenger1475,1,10
481,passenger1476,1,24
482,passenger1477,1,25
482,passenger1478,1,20
482,passenger1479,1,12
482,passenger1480,1,23
482,passenger1481,1,19
483,passenger1482,1,14
483,passenger1483,1,12
484,passenger1484,1,21
484,passenger1485,1,15
484,passenger1486,1,6
484,passenger1487,1,25
484,passenger1488,1,3
485,passenger1489,1,18
485,passenger1490,1,17
486,passenger1491,1,16
486,passenger1492,1,3
486,passenger1493,1,13
486,passenger1494,1,23
486,passenger1495,1,7
487,passenger1496,1,18
487,passenger1497,1,22
487,passenger1498,1,24
487,passenger1499,1,14
488,passenger1500,1,9
488,passenger1501,1,18
488,passenger1502,1,13
489,passenger1503,1,17
489,passenger1504,1,19
490,passenger1505,1,19
490,passenger1506,1,7
490,passenger1507,1,20
491,passenger1508,1,15
491,passenger1509,1,24
491,passenger1510,1,17
491,passenger1511,1,23
491,passenger1512,1,25
491,passenger1513,1,25
492,passenger1514,1,19
492,passenger1515,1,16
492,passenger1516,1,4
493,passenger1517,1,11
494,passenger1518,1,13
495,passenger1519,1,20
495,passenger1520,1,16
495,passenger1521,1,12
497,passenger1522,1,5
497,passenger1523,1,19
497,passenger1524,1,12
499,passenger1525,1,2
499,passenger1526,1,8
500,passenger1527,1,23
500,passenger1528,1,4
500,passenger1529,1,11
500,passenger1530,1,14
501,passenger1531,1,4
501,passenger1532,1,5
501,passenger1533,1,24
502,passenger1534,1,16
502,passenger1535,1,7
503,passenger1536,1,6
503,passenger1537,1,12
503,passenger1538,1,19
503,passenger1539,1,19
503,passenger1540,1,6
503,passenger1541,1,19
503,passenger1542,1,23
504,passenger1543,1,7
504,passenger1544,1,2
505,passenger1545,1,25
505,passenger1546,1,14
506,passenger1547,1,20
506,passenger1548,1,9
506,passenger1549,1,9
506,passenger1550,1,7
506,passenger1551,1,7
507,passenger1552,1,13
508,passenger1553,1,4
508,passenger1554,1,22
508,passenger1555,1,14
509,passenger1556,1,23
509,passenger1557,1,14
509,passenger1558,1,9
509,passenger1559,1,14
510,passenger1560,1,5
510,passenger1561,1,21
510,passenger1562,1,19
510,passenger1563,1,5
511,passenger1564,1,15
511,passenger1565,1,14
511,passenger1566,1,6
512,passenger1567,1,4
513,passenger1568,1,20
513,passenger1569,1,8
513,passenger1570,1,14
514,passenger1571,1,7
514,passenger1572,1,17
514,passenger1573,1,3
515,passenger1574,1,10
515,passenger1575,1,15
515,passenger1576,1,12
515,passenger1577,1,16
515,passenger1578,1,6
516,passenger1579,1,12
516,passenger1580,1,20
517,passenger1581,1,10
517,passenger1582,1,5
518,passenger1583,1,22
518,passenger1584,1,20
518,passenger1585,1,18
518,passenger1586,1,21
519,passenger1587,1,20
519,passenger1588,1,19
519,passenger1589,1,14
519,passenger1590,1,2
520,passenger1591,1,16
520,passenger1592,1,8
521,passenger1593,1,20
522,passenger1594,1,13
522,passenger1595,1,23
523,passenger1596,1,16
524,passenger1597,1,15
525,passenger1598,1,24
525,passenger1599,1,13
526,passenger1600,1,11
526,passenger1601,1,10
527,passenger1602,1,23
528,passenger1603,1,20
528,passenger1604,1,5
528,passenger1605,1,13
528,passenger1606,1,10
528,passenger1607,1,17
529,passenger1608,1,3
529,passenger1609,1,19
529,passenger1610,1,19
529,passenger1611,1,7
529,passenger1612,1,5
529,passenger1613,1,17
530,passenger1614,1,8
530,passenger1615,1,24
530,passenger1616,1,20
531,passenger1617,1,24
531,passenger1618,1,14
531,passenger1619,1,24
533,passenger1620,1,2
533,passenger1621,1,8
533,passenger1622,1,2
533,passenger1623,1,18
534,passenger1624,1,14
534,passenger1625,1,8
535,passenger1626,1,9
535,passenger1627,1,17
536,passenger1628,1,6
536,passenger1629,1,14
536,passenger1630,1,16
536,passenger1631,1,7
537,passenger1632,1,7
537,passenger1633,1,10
537,passenger1634,1,16
538,passenger1635,1,8
538,passenger1636,1,11
539,passenger1637,1,15
539,passenger1638,1,6
539,passenger1639,1,15
540,passenger1640,1,5
540,passenger1641,1,5
540,passenger1642,1,7
540,passenger1643,1,8
540,passenger1644,1,2
541,passenger1645,1,25
541,passenger1646,1,9
541,passenger1647,1,21
542,passenger1648,1,23
542,passenger1649,1,21
542,passenger1650,1,21
543,passenger1651,1,4
544,passenger1652,1,10
544,passenger1653,1,19
545,passenger1654,1,15
545,passenger1655,1,2
546,passenger1656,1,15
546,passenger1657,1,21
546,passenger1658,1,21
546,passenger1659,1,11
547,passenger1660,1,7
547,passenger1661,1,9
548,passenger1662,1,9
548,passenger1663,1,10
549,passenger1664,1,9
549,passenger1665,1,12
549,passenger1666,1,2
550,passenger1667,1,8
550,passenger1668,1,9
550,passenger1669,1,5
551,passenger1670,1,23
551,passenger1671,1,18
551,passenger1672,1,23
552,passenger1673,1,15
552,passenger1674,1,4
552,passenger1675,1,23
554,passenger1676,1,12
554,passenger1677,1,18
554,passenger1678,1,11
555,passenger1679,1,13
555,passenger1680,1,13
555,passenger1681,1,8
555,passenger1682,1,15
556,passenger1683,1,19
556,passenger1684,1,2
556,passenger1685,1,5
557,passenger1686,1,22
557,passenger1687,1,15
558,passenger1688,1,25
558,passenger1689,1,16
559,passenger1690,1,17
559,passenger1691,1,23
559,passenger1692,1,17
559,passenger1693,1,9
560,passenger1694,1,14
560,passenger1695,1,7
560,passenger1696,1,10
560,passenger1697,1,18
560,passenger1698,1,5
561,passenger1699,1,18
561,passenger1700,1,16
561,passenger1701,1,9
561,passenger1702,1,3
562,passenger1703,1,18
562,passenger1704,1,21
562,passenger1705,1,19
563,passenger1706,1,12
563,passenger1707,1,17
563,passenger1708,1,11
563,passenger1709,1,10
563,passenger1710,1,9
563,passenger1711,1,7
563,passenger1712,1,25
564,passenger1713,1,17
564,passenger1714,1,6
564,passenger1715,1,22
564,passenger1716,1,5
565,passenger1717,1,16
565,passenger1718,1,5
566,passenger1719,1,10
567,passenger1720,1,17
567,passenger1721,1,25
567,passenger1722,1,25
568,passenger1723,1,23
568,passenger1724,1,7
568,passenger1725,1,4
568,passenger1726,1,23
570,passenger1727,1,24
572,passenger1728,1,8
572,passenger1729,1,2
572,passenger1730,1,17
572,passenger1731,1,3
572,passenger1732,1,2
572,passenger1733,1,24
573,passenger1734,1,13
573,passenger1735,1,4
573,passenger1736,1,17
573,passenger1737,1,10
573,passenger1738,1,14
574,passenger1739,1,23
574,passenger1740,1,7
575,passenger1741,1,17
575,passenger1742,1,21
576,passenger1743,1,12
576,passenger1744,1,25
577,passenger1745,1,12
578,passenger1746,1,13
579,passenger1747,1,23
579,passenger1748,1,17
580,passenger1749,1,22
580,passenger1750,1,20
580,passenger1751,1,19
580,passenger1752,1,7
580,passenger1753,1,11
581,passenger1754,1,22
581,passenger1755,1,16
581,passenger1756,1,8
581,passenger1757,1,9
581,passenger1758,1,20
582,passenger1759,1,6
583,passenger1760,1,4
583,passenger1761,1,20
583,passenger1762,1,8
584,passenger1763,1,20
584,passenger1764,1,14
584,passenger1765,1,25
585,passenger1766,1,14
586,passenger1767,1,22
586,passenger1768,1,22
586,passenger1769,1,7
587,passenger1770,1,25
587,passenger1771,1,19
587,passenger1772,1,4
588,passenger1773,1,2
589,passenger1774,1,8
589,passenger1775,1,2
589,passenger1776,1,10
589,passenger1777,1,25
589,passenger1778,1,13
590,passenger1779,1,2
590,passenger1780,1,13
590,passenger1781,1,7
591,passenger1782,1,22
591,passenger1783,1,4
592,passenger1784,1,20
592,passenger1785,1,12
592,passenger1786,1,2
593,passenger1787,1,18
593,passenger1788,1,12
593,passenger1789,1,20
596,passenger1790,1,16
596,passenger1791,1,20
597,passenger1792,1,13
597,passenger1793,1,2
598,passenger1794,1,5
598,passenger1795,1,13
599,passenger1796,1,11
599,passenger1797,1,21
599,passenger1798,1,11
600,passenger1799,1,22
600,passenger1800,1,6
601,passenger1801,1,11
601,passenger1802,1,20
601,passenger1803,1,4
601,passenger1804,1,9
601,passenger1805,1,20
601,passenger1806,1,16
602,passenger1807,1,20
602,passenger1808,1,14
602,passenger1809,1,22
602,passenger1810,1,23
602,passenger1811,1,25
603,passenger1812,1,4
603,passenger1813,1,16
604,passenger1814,1,4
605,passenger1815,1,7
605,passenger1816,1,9
606,passenger1817,1,17
606,passenger1818,1,12
606,passenger1819,1,22
607,passenger1820,1,9
608,passenger1821,1,16
608,passenger1822,1,20
608,passenger1823,1,25
608,passenger1824,1,7
608,passenger1825,1,19
608,passenger1826,1,4
609,passenger1827,1,15
609,passenger1828,1,11
609,passenger1829,1,25
609,passenger1830,1,20
609,passenger1831,1,24
609,passenger1832,1,22
610,passenger1833,1,11
610,passenger1834,1,19
610,passenger1835,1,2
612,passenger1836,1,15
612,passenger1837,1,3
612,passenger1838,1,19
612,passenger1839,1,25
612,passenger1840,1,18
613,passenger1841,1,22
613,passenger1842,1,7
613,passenger1843,1,25
613,passenger1844,1,15
614,passenger1845,1,18
614,passenger1846,1,20
614,passenger1847,1,17
614,passenger1848,1,9
615,passenger1849,1,16
615,passenger1850,1,17
615,passenger1851,1,22
615,passenger1852,1,13
616,passenger1853,1,14
616,passenger1854,1,14
616,passenger1855,1,4
616,passenger1856,1,4
616,passenger1857,1,2
617,passenger1858,1,17
618,passenger1859,1,12
619,passenger1860,1,22
619,passenger1861,1,18
619,passenger1862,1,5
620,passenger1863,1,4
621,passenger1864,1,10
621,passenger1865,1,24
621,passenger1866,1,3
621,passenger1867,1,6
622,passenger1868,1,2
622,passenger1869,1,11
622,passenger1870,1,25
623,passenger1871,1,18
623,passenger1872,1,13
623,passenger1873,1,5
623,passenger1874,1,10
623,passenger1875,1,14
624,passenger1876,1,8
625,passenger1877,1,18
625,passenger1878,1,25
625,passenger1879,1,6
625,passenger1880,1,8
626,passenger1881,1,5
626,passenger1882,1,19
626,passenger1883,1,13
626,passenger1884,1,8
626,passenger1885,1,7
626,passenger1886,1,3
627,passenger1887,1,13
628,passenger1888,1,18
628,passenger1889,1,7
629,passenger1890,1,2
629,passenger1891,1,13
630,passenger1892,1,18
630,passenger1893,1,10
630,passenger1894,1,8
630,passenger1895,1,5
631,passenger1896,1,19
631,passenger1897,1,22
631,passenger1898,1,20
631,passenger1899,1,14
631,passenger1900,1,19
631,passenger1901,1,11
631,passenger1902,1,2
632,passenger1903,1,10
632,passenger1904,1,18
632,passenger1905,1,17
632,passenger1906,1,25
633,passenger1907,1,25
633,passenger1908,1,7
633,passenger1909,1,2
634,passenger1910,1,8
634,passenger1911,1,23
635,passenger1912,1,21
635,passenger1913,1,4
635,passenger1914,1,5
636,passenger1915,1,15
636,passenger1916,1,17
636,passenger1917,1,25
636,passenger1918,1,20
637,passenger1919,1,7
638,passenger1920,1,2
638,passenger1921,1,17
639,passenger1922,1,15
639,passenger1923,1,24
639,passenger1924,1,15
639,passenger1925,1,14
639,passenger1926,1,9
641,passenger1927,1,4
641,passenger1928,1,23
641,passenger1929,1,21
642,passenger1930,1,5
642,passenger1931,1,18
642,passenger1932,1,10
642,passenger1933,1,12
642,passenger1934,1,22
642,passenger1935,1,22
642,passenger1936,1,6
643,passenger1937,1,9
644,passenger1938,1,21
644,passenger1939,1,24
646,passenger1940,1,3
646,passenger1941,1,22
647,passenger1942,1,13
647,passenger1943,1,16
647,passenger1944,1,3
647,passenger1945,1,18
647,passenger1946,1,18
648,passenger1947,1,17
648,passenger1948,1,20
649,passenger1949,1,24
649,passenger1950,1,22
649,passenger1951,1,19
649,passenger1952,1,25
649,passenger1953,1,18
650,passenger1954,1,18
651,passenger1955,1,15
651,passenger1956,1,20
652,passenger1957,1,3
652,passenger1958,1,14
652,passenger1959,1,12
652,passenger1960,1,23
652,passenger1961,1,3
652,passenger1962,1,17
653,passenger1963,1,6
653,passenger1964,1,23
653,passenger1965,1,22
653,passenger1966,1,7
653,passenger1967,1,22
653,passenger1968,1,13
653,passenger1969,1,25
654,passenger1970,1,19
654,passenger1971,1,2
654,passenger1972,1,6
654,passenger1973,1,11
655,passenger1974,1,7
655,passenger1975,1,5
656,passenger1976,1,25
656,passenger1977,1,22
656,passenger1978,1,12
656,passenger1979,1,7
656,passenger1980,1,6
657,passenger1981,1,23
657,passenger1982,1,9
658,passenger1983,1,2
658,passenger1984,1,11
658,passenger1985,1,12
658,passenger1986,1,16
658,passenger1987,1,10
658,passenger1988,1,24
658,passenger1989,1,17
659,passenger1990,1,25
659,passenger1991,1,10
659,passenger1992,1,17
659,passenger1993,1,10
659,passenger1994,1,18
659,passenger1995,1,19
659,passenger1996,1,9
659,passenger1997,1,24
660,passenger1998,1,22
660,passenger1999,1,23
661,passenger2000,1,7
661,passenger2001,1,19
661,passenger2002,1,4
662,passenger2003,1,4
662,passenger2004,1,25
662,passenger2005,1,5
663,passenger2006,1,22
663,passenger2007,1,12
663,passenger2008,1,9
663,passenger2009,1,3
664,passenger2010,1,18
664,passenger2011,1,19
664,passenger2012,1,13
664,passenger2013,1,21
664,passenger2014,1,9
665,passenger2015,1,15
665,passenger2016,1,8
665,passenger2017,1,15
666,passenger2018,1,5
666,passenger2019,1,13
666,passenger2020,1,15
667,passenger2021,1,15
667,passenger2022,1,12
667,passenger2023,1,17
667,passenger2024,1,14
668,passenger2025,1,8
668,passenger2026,1,7
668,passenger2027,1,17
668,passenger2028,1,24
668,passenger2029,1,20
669,passenger2030,1,17
669,passenger2031,1,24
669,passenger2032,1,23
669,passenger2033,1,14
670,passenger2034,1,4
670,passenger2035,1,17
670,passenger2036,1,16
670,passenger2037,1,8
670,passenger2038,1,22
671,passenger2039,1,22
671,passenger2040,1,9
671,passenger2041,1,13
672,passenger2042,1,6
672,passenger2043,1,6
673,passenger2044,1,8
673,passenger2045,1,10
674,passenger2046,1,8
674,passenger2047,1,5
674,passenger2048,1,12
674,passenger2049,1,16
675,passenger2050,1,9
675,passenger2051,1,14
675,passenger2052,1,8
676,passenger2053,1,18
676,passenger2054,1,17
677,passenger2055,1,25
677,passenger2056,1,3
677,passenger2057,1,22
678,passenger2058,1,10
678,passenger2059,1,3
679,passenger2060,1,18
679,passenger2061,1,6
680,passenger2062,1,6
680,passenger2063,1,25
680,passenger2064,1,7
681,passenger2065,1,15
681,passenger2066,1,6
682,passenger2067,1,4
683,passenger2068,1,2
683,passenger2069,1,2
683,passenger2070,1,13
684,passenger2071,1,12
684,passenger2072,1,2
684,passenger2073,1,10
684,passenger2074,1,8
684,passenger2075,1,15
684,passenger2076,1,25
684,passenger2077,1,18
684,passenger2078,1,24
685,passenger2079,1,6
686,passenger2080,1,7
686,passenger2081,1,20
686,passenger2082,1,9
686,passenger2083,1,22
686,passenger2084,1,13
687,passenger2085,1,6
687,passenger2086,1,22
688,passenger2087,1,15
688,passenger2088,1,21
688,passenger2089,1,12
688,passenger2090,1,5
689,passenger2091,1,18
690,passenger2092,1,4
690,passenger2093,1,17
691,passenger2094,1,12
691,passenger2095,1,20
691,passenger2096,1,22
691,passenger2097,1,11
691,passenger2098,1,23
692,passenger2099,1,4
692,passenger2100,1,4
693,passenger2101,1,25
693,passenger2102,1,15
693,passenger2103,1,12
693,passenger2104,1,5
693,passenger2105,1,8
693,passenger2106,1,18
693,passenger2107,1,21
693,passenger2108,1,23
694,passenger2109,1,11
695,passenger2110,1,12
696,passenger2111,1,5
696,passenger2112,1,3
697,passenger2113,1,12
698,passenger2114,1,15
698,passenger2115,1,4
700,passenger2116,1,11
700,passenger2117,1,17
700,passenger2118,1,21
701,passenger2119,1,24
701,passenger2120,1,10
701,passenger2121,1,11
702,passenger2122,1,22
702,passenger2123,1,18
702,passenger2124,1,8
702,passenger2125,1,18
702,passenger2126,1,5
702,passenger2127,1,12
703,passenger2128,1,9
703,passenger2129,1,25
704,passenger2130,1,2
704,passenger2131,1,22
704,passenger2132,1,8
704,passenger2133,1,2
704,passenger2134,1,17
706,passenger2135,1,18
706,passenger2136,1,5
706,passenger2137,1,2
707,passenger2138,1,4
707,passenger2139,1,11
708,passenger2140,1,5
709,passenger2141,1,18
709,passenger2142,1,3
709,passenger2143,1,20
709,passenger2144,1,22
710,passenger2145,1,19
710,passenger2146,1,24
710,passenger2147,1,24
710,passenger2148,1,3
710,passenger2149,1,10
710,passenger2150,1,20
711,passenger2151,1,10
711,passenger2152,1,19
712,passenger2153,1,20
712,passenger2154,1,25
713,passenger2155,1,9
713,passenger2156,1,10
714,passenger2157,1,2
714,passenger2158,1,8
715,passenger2159,1,8
716,passenger2160,1,12
716,passenger2161,1,12
717,passenger2162,1,22
718,passenger2163,1,20
719,passenger2164,1,19
719,passenger2165,1,2
719,passenger2166,1,13
721,passenger2167,1,19
721,passenger2168,1,7
722,passenger2169,1,12
722,passenger2170,1,19
722,passenger2171,1,21
722,passenger2172,1,22
722,passenger2173,1,12
723,passenger2174,1,11
723,passenger2175,1,11
723,passenger2176,1,18
723,passenger2177,1,12
724,passenger2178,1,11
724,passenger2179,1,6
724,passenger2180,1,13
724,passenger2181,1,7
725,passenger2182,1,14
725,passenger2183,1,23
725,passenger2184,1,20
726,passenger2185,1,13
726,passenger2186,1,25
726,passenger2187,1,25
727,passenger2188,1,12
727,passenger2189,1,20
728,passenger2190,1,10
729,passenger2191,1,23
729,passenger2192,1,10
730,passenger2193,1,8
730,passenger2194,1,5
731,passenger2195,1,22
731,passenger2196,1,9
731,passenger2197,1,21
731,passenger2198,1,4
731,passenger2199,1,14
732,passenger2200,1,12
732,passenger2201,1,12
732,passenger2202,1,6
732,passenger2203,1,3
733,passenger2204,1,10
734,passenger2205,1,13
735,passenger2206,1,21
735,passenger2207,1,13
735,passenger2208,1,7
736,passenger2209,1,8
736,passenger2210,1,16
737,passenger2211,1,12
737,passenger2212,1,23
737,passenger2213,1,12
737,passenger2214,1,15
737,passenger2215,1,3
738,passenger2216,1,6
738,passenger2217,1,22
738,passenger2218,1,10
740,passenger2219,1,12
740,passenger2220,1,16
740,passenger2221,1,3
740,passenger2222,1,14
741,passenger2223,1,10
741,passenger2224,1,5
741,passenger2225,1,12
742,passenger2226,1,12
742,passenger2227,1,6
743,passenger2228,1,15
743,passenger2229,1,19
744,passenger2230,1,8
744,passenger2231,1,25
744,passenger2232,1,16
744,passenger2233,1,20
744,passenger2234,1,3
744,passenger2235,1,20
744,passenger2236,1,10
744,passenger2237,1,19
745,passenger2238,1,21
745,passenger2239,1,8
746,passenger2240,1,8
747,passenger2241,1,3
747,passenger2242,1,16
747,passenger2243,1,20
748,passenger2244,1,11
748,passenger2245,1,5
748,passenger2246,1,9
748,passenger2247,1,11
749,passenger2248,1,23
749,passenger2249,1,4
749,passenger2250,1,10
750,passenger2251,1,17
750,passenger2252,1,7
750,passenger2253,1,23
750,passenger2254,1,23
751,passenger2255,1,11
751,passenger2256,1,19
751,passenger2257,1,20
752,passenger2258,1,18
752,passenger2259,1,6
752,passenger2260,1,3
752,passenger2261,1,10
752,passenger2262,1,5
753,passenger2263,1,9
753,passenger2264,1,17
753,passenger2265,1,16
754,passenger2266,1,7
754,passenger2267,1,2
754,passenger2268,1,7
755,passenger2269,1,12
755,passenger2270,1,20
756,passenger2271,1,10
756,passenger2272,1,8
756,passenger2273,1,15
756,passenger2274,1,3
757,passenger2275,1,7
758,passenger2276,1,2
758,passenger2277,1,14
758,passenger2278,1,12
758,passenger2279,1,15
759,passenger2280,1,16
759,passenger2281,1,11
760,passenger2282,1,22
760,passenger2283,1,24
760,passenger2284,1,4
760,passenger2285,1,24
760,passenger2286,1,6
760,passenger2287,1,7
760,passenger2288,1,14
760,passenger2289,1,2
761,passenger2290,1,10
761,passenger2291,1,6
761,passenger2292,1,13
762,passenger2293,1,21
762,passenger2294,1,24
762,passenger2295,1,7
763,passenger2296,1,15
763,passenger2297,1,13
764,passenger2298,1,11
764,passenger2299,1,17
764,passenger2300,1,25
765,passenger2301,1,11
765,passenger2302,1,3
766,passenger2303,1,23
766,passenger2304,1,24
767,passenger2305,1,9
767,passenger2306,1,14
767,passenger2307,1,22
767,passenger2308,1,14
767,passenger2309,1,13
767,passenger2310,1,24
767,passenger2311,1,21
767,passenger2312,1,14
768,passenger2313,1,5
769,passenger2314,1,12
769,passenger2315,1,18
769,passenger2316,1,8
769,passenger2317,1,14
770,passenger2318,1,17
770,passenger2319,1,4
770,passenger2320,1,15
770,passenger2321,1,19
770,passenger2322,1,7
770,passenger2323,1,15
770,passenger2324,1,19
770,passenger2325,1,3
771,passenger2326,1,17
772,passenger2327,1,8
773,passenger2328,1,11
773,passenger2329,1,17
773,passenger2330,1,2
773,passenger2331,1,2
773,passenger2332,1,12
773,passenger2333,1,24
774,passenger2334,1,2
774,passenger2335,1,20
774,passenger2336,1,3
775,passenger2337,1,13
775,passenger2338,1,12
775,passenger2339,1,13
775,passenger2340,1,3
776,passenger2341,1,20
776,passenger2342,1,8
777,passenger2343,1,20
778,passenger2344,1,17
778,passenger2345,1,15
778,passenger2346,1,9
779,passenger2347,1,17
779,passenger2348,1,25
780,passenger2349,1,24
780,passenger2350,1,23
780,passenger2351,1,7
780,passenger2352,1,16
782,passenger2353,1,11
782,passenger2354,1,25
782,passenger2355,1,24
783,passenger2356,1,22
783,passenger2357,1,5
783,passenger2358,1,9
784,passenger2359,1,19
784,passenger2360,1,19
784,passenger2361,1,10
785,passenger2362,1,5
785,passenger2363,1,5
785,passenger2364,1,18
785,passenger2365,1,12
786,passenger2366,1,13
786,passenger2367,1,21
787,passenger2368,1,2
787,passenger2369,1,20
788,passenger2370,1,8
788,passenger2371,1,24
789,passenger2372,1,24
789,passenger2373,1,14
789,passenger2374,1,9
789,passenger2375,1,7
789,passenger2376,1,6
790,passenger2377,1,25
791,passenger2378,1,6
792,passenger2379,1,12
792,passenger2380,1,13
792,passenger2381,1,18
792,passenger2382,1,22
792,passenger2383,1,15
793,passenger2384,1,20
793,passenger2385,1,15
794,passenger2386,1,12
794,passenger2387,1,5
794,passenger2388,1,7
794,passenger2389,1,12
795,passenger2390,1,3
796,passenger2391,1,9
796,passenger2392,1,13
796,passenger2393,1,13
797,passenger2394,1,21
798,passenger2395,1,25
798,passenger2396,1,19
798,passenger2397,1,3
798,passenger2398,1,11
798,passenger2399,1,19
799,passenger2400,1,16
799,passenger2401,1,12
799,passenger2402,1,12
799,passenger2403,1,11
799,passenger2404,1,15
799,passenger2405,1,6
799,passenger2406,1,14
801,passenger2407,1,6
802,passenger2408,1,18
803,passenger2409,1,22
803,passenger2410,1,14
803,passenger2411,1,11
804,passenger2412,1,24
804,passenger2413,1,17
805,passenger2414,1,12
805,passenger2415,1,2
806,passenger2416,1,2
806,passenger2417,1,7
806,passenger2418,1,7
806,passenger2419,1,19
807,passenger2420,1,14
807,passenger2421,1,25
807,passenger2422,1,14
808,passenger2423,1,23
809,passenger2424,1,15
809,passenger2425,1,10
810,passenger2426,1,19
810,passenger2427,1,12
811,passenger2428,1,8
811,passenger2429,1,13
811,passenger2430,1,17
811,passenger2431,1,11
811,passenger2432,1,18
812,passenger2433,1,25
812,passenger2434,1,11
813,passenger2435,1,9
813,passenger2436,1,11
813,passenger2437,1,22
813,passenger2438,1,6
813,passenger2439,1,25
814,passenger2440,1,11
815,passenger2441,1,22
815,passenger2442,1,20
816,passenger2443,1,20
817,passenger2444,1,23
817,passenger2445,1,6
818,passenger2446,1,16
818,passenger2447,1,4
819,passenger2448,1,9
819,passenger2449,1,2
819,passenger2450,1,18
820,passenger2451,1,16
820,passenger2452,1,19
820,passenger2453,1,6
820,passenger2454,1,9
820,passenger2455,1,18
820,passenger2456,1,21
820,passenger2457,1,23
821,passenger2458,1,3
822,passenger2459,1,11
823,passenger2460,1,2
824,passenger2461,1,21
824,passenger2462,1,4
824,passenger2463,1,21
825,passenger2464,1,5
826,passenger2465,1,2
826,passenger2466,1,23
826,passenger2467,1,12
826,passenger2468,1,12
827,passenger2469,1,17
827,passenger2470,1,8
827,passenger2471,1,18
827,passenger2472,1,12
828,passenger2473,1,8
828,passenger2474,1,11
828,passenger2475,1,2
828,passenger2476,1,9
828,passenger2477,1,16
829,passenger2478,1,5
830,passenger2479,1,4
831,passenger2480,1,17
831,passenger2481,1,12
831,passenger2482,1,5
831,passenger2483,1,19
831,passenger2484,1,20
832,passenger2485,1,2
832,passenger2486,1,6
833,passenger2487,1,10
834,passenger2488,1,19
834,passenger2489,1,3
834,passenger2490,1,21
834,passenger2491,1,9
834,passenger2492,1,5
834,passenger2493,1,22
835,passenger2494,1,4
835,passenger2495,1,5
835,passenger2496,1,24
837,passenger2497,1,14
837,passenger2498,1,13
838,passenger2499,1,18
838,passenger2500,1,17
838,passenger2501,1,16
838,passenger2502,1,2
839,passenger2503,1,15
839,passenger2504,1,8
840,passenger2505,1,21
840,passenger2506,1,14
840,passenger2507,1,4
840,passenger2508,1,23
840,passenger2509,1,8
842,passenger2510,1,8
843,passenger2511,1,24
843,passenger2512,1,20
843,passenger2513,1,22
844,passenger2514,1,17
844,passenger2515,1,23
844,passenger2516,1,4
844,passenger2517,1,16
845,passenger2518,1,9
845,passenger2519,1,11
845,passenger2520,1,7
846,passenger2521,1,6
846,passenger2522,1,12
846,passenger2523,1,24
847,passenger2524,1,17
848,passenger2525,1,10
848,passenger2526,1,12
848,passenger2527,1,14
850,passenger2528,1,7
850,passenger2529,1,14
850,passenger2530,1,18
850,passenger2531,1,7
850,passenger2532,1,16
850,passenger2533,1,19
850,passenger2534,1,14
851,passenger2535,1,9
851,passenger2536,1,15
851,passenger2537,1,21
851,passenger2538,1,7
852,passenger2539,1,15
852,passenger2540,1,18
852,passenger2541,1,9
853,passenger2542,1,11
853,passenger2543,1,23
853,passenger2544,1,10
854,passenger2545,1,16
854,passenger2546,1,5
855,passenger2547,1,24
855,passenger2548,1,16
855,passenger2549,1,20
855,passenger2550,1,16
855,passenger2551,1,10
855,passenger2552,1,10
856,passenger2553,1,18
856,passenger2554,1,22
857,passenger2555,1,5
857,passenger2556,1,22
858,passenger2557,1,21
858,passenger2558,1,4
859,passenger2559,1,4
860,passenger2560,1,18
860,passenger2561,1,22
860,passenger2562,1,11
860,passenger2563,1,17
860,passenger2564,1,25
861,passenger2565,1,9
862,passenger2566,1,7
862,passenger2567,1,25
862,passenger2568,1,8
862,passenger2569,1,13
862,passenger2570,1,12
862,passenger2571,1,14
862,passenger2572,1,8
863,passenger2573,1,18
863,passenger2574,1,18
863,passenger2575,1,6
864,passenger2576,1,13
864,passenger2577,1,3
866,passenger2578,1,7
866,passenger2579,1,25
866,passenger2580,1,14
866,passenger2581,1,16
866,passenger2582,1,23
867,passenger2583,1,19
867,passenger2584,1,21
867,passenger2585,1,19
869,passenger2586,1,13
869,passenger2587,1,17
869,passenger2588,1,8
869,passenger2589,1,23
870,passenger2590,1,6
870,passenger2591,1,23
870,passenger2592,1,23
871,passenger2593,1,5
871,passenger2594,1,19
871,passenger2595,1,25
871,passenger2596,1,15
872,passenger2597,1,10
872,passenger2598,1,23
872,passenger2599,1,14
872,passenger2600,1,4
873,passenger2601,1,7
873,passenger2602,1,18
873,passenger2603,1,12
873,passenger2604,1,7
873,passenger2605,1,21
873,passenger2606,1,4
874,passenger2607,1,7
874,passenger2608,1,13
874,passenger2609,1,2
874,passenger2610,1,11
874,passenger2611,1,23
874,passenger2612,1,24
874,passenger2613,1,22
875,passenger2614,1,9
875,passenger2615,1,3
875,passenger2616,1,21
876,passenger2617,1,10
876,passenger2618,1,19
876,passenger2619,1,4
876,passenger2620,1,18
877,passenger2621,1,16
877,passenger2622,1,24
877,passenger2623,1,4
877,passenger2624,1,11
877,passenger2625,1,25
878,passenger2626,1,11
878,passenger2627,1,17
878,passenger2628,1,5
878,passenger2629,1,19
878,passenger2630,1,8
878,passenger2631,1,15
879,passenger2632,1,23
879,passenger2633,1,17
879,passenger2634,1,13
879,passenger2635,1,6
879,passenger2636,1,10
879,passenger2637,1,22
879,passenger2638,1,7
880,passenger2639,1,17
880,passenger2640,1,13
880,passenger2641,1,9
880,passenger2642,1,19
881,passenger2643,1,10
881,passenger2644,1,8
881,passenger2645,1,14
882,passenger2646,1,20
882,passenger2647,1,22
882,passenger2648,1,17
884,passenger2649,1,17
884,passenger2650,1,20
884,passenger2651,1,8
885,passenger2652,1,8
885,passenger2653,1,13
886,passenger2654,1,17
886,passenger2655,1,17
886,passenger2656,1,5
886,passenger2657,1,20
887,passenger2658,1,10
887,passenger2659,1,23
887,passenger2660,1,19
887,passenger2661,1,25
888,passenger2662,1,17
888,passenger2663,1,14
888,passenger2664,1,6
888,passenger2665,1,11
888,passenger2666,1,22
889,passenger2667,1,11
889,passenger2668,1,3
889,passenger2669,1,7
889,passenger2670,1,16
889,passenger2671,1,17
889,passenger2672,1,25
890,passenger2673,1,24
890,passenger2674,1,14
890,passenger2675,1,15
890,passenger2676,1,21
890,passenger2677,1,3
890,passenger2678,1,16
891,passenger2679,1,13
891,passenger2680,1,20
892,passenger2681,1,21
892,passenger2682,1,17
893,passenger2683,1,17
893,passenger2684,1,18
893,passenger2685,1,15
893,passenger2686,1,7
894,passenger2687,1,8
894,passenger2688,1,19
894,passenger2689,1,16
894,passenger2690,1,7
894,passenger2691,1,23
894,passenger2692,1,25
894,passenger2693,1,17
895,passenger2694,1,7
895,passenger2695,1,24
895,passenger2696,1,7
895,passenger2697,1,12
896,passenger2698,1,22
897,passenger2699,1,14
897,passenger2700,1,7
897,passenger2701,1,3
897,passenger2702,1,10
897,passenger2703,1,18
897,passenger2704,1,19
898,passenger2705,1,7
898,passenger2706,1,5
898,passenger2707,1,18
899,passenger2708,1,5
